paper_no,status,study,country,lang,design,case,age_y,sex,index_episode,prior_episodes,first_sx_to_surgery,interval_category,prior_dx_deferred,missed_dx,torsion,infarction,operation,spleen_preserved,followup,notes
01,IPD-included,Hirose 1998 JPS,Japan,EN,case report,1,2,F,"acute pain+vomiting, resolved spontaneously",Y (intermittent pain),>=1 mo (CT 1 mo before admission showed ectopic spleen); total sx duration NR,1-12 mo,NR,NR,"N (tortuous, untwisted)",N,lap mesh splenopexy (elective),Y,2 mo,PLT 307; chronic congestion
02,excluded/aggregate/duplicate,Zivkovic 1998 PSI,Serbia,EN,"technical note, 6 pts 1979-95",agg(6),NR,NR,NR,NR,NR,,NR,NR,3/6 torsion,NR,button-and-hole splenopexy x6,"Y (inferred, all)",NR,"no individual data; 3 with GV; 1 torsion 9 mo after CDH repair -> aggregate only, exclude from IPD"
03,IPD-included,李索林 2000 中华医学杂志 80(1):37,China,CN,case report x3 (GV),1,0.42,M,"crying, vomiting, upper distension; mass 2 d",NR,2 d,<1 wk,N,NR,"Y (twisted, degree NR)",NR (twisted spleen resected),"laparotomy: GV reduction, splenectomy (accessory spleen kept), gastropexy",N,NR,GV + malrotation; viability not stated
03,IPD-included,李索林 2000 中华医学杂志 80(1):37,China,CN,case report x3 (GV),2,1.5,M,"pain, distension, vomiting 3 d then coffee-ground; fever/dyspnoea 1 d",N,~4 d,<1 wk,N,NR,Y 270,"N (congested, recovered)",laparotomy: omental wrap splenopexy to diaphragm/lateral peritoneum + gastrostomy,Y,7 y,GV (organo-axial)
03,IPD-included,李索林 2000 中华医学杂志 80(1):37,China,CN,case report x3 (GV),3,0.42,M,symptoms as case 2,NR,NR,NR,N,NR,Y 180,N,diaphragmatic hernia repair + omental wrap splenopexy,Y,NR (US normal),GV + left Bochdalek hernia
04,IPD-included,Steinberg 2002 JPS,Israel,EN,case series 1996-2000,1,4.2,M,"1 d pain+vomiting+fever, gastric obstruction",N,1 d,<1 wk,N,N,suspected kink,N,emergency lap: splenopexy + gastropexy/gastrostomy,Y,NR,Table gives symptom duration per patient
04,IPD-included,Steinberg 2002 JPS,Israel,EN,case series 1996-2000,2,6.0,M,intermittent pain,Y,1.5 mo,1-12 mo,N,NR,N (untwisted),N,extraperitoneal pouch splenopexy,Y,2 y,
04,IPD-included,Steinberg 2002 JPS,Israel,EN,case series 1996-2000,3,12.3,M,"intermittent pain, 9-cm epidermoid cyst",Y,4 mo,1-12 mo,N,NR,N,N,cyst unroofing + omentopexy + suture to diaphragm,Y,1 y,
04,IPD-included,Steinberg 2002 JPS,Israel,EN,case series 1996-2000,4,15.0,F,"acute colicky pain, bilious vomiting","Y (admitted 10 mo earlier, US normal)",10 mo,1-12 mo,N,Y,Y 360,"complete (no flow, clotted)",emergency splenectomy,N,12 mo,missed dx at 1st admission
04,IPD-included,Steinberg 2002 JPS,Israel,EN,case series 1996-2000,5,5.9 (6.5 at op),F,recurrent pain; 1st episode dx as acute pancreatitis,Y,19 mo,>12 mo,possible (dx ~1 y before planned op),Y (1st episode = pancreatitis),N,N,planned extraperitoneal splenopexy,Y,3 mo,long delay yet preserved (no torsion)
05,IPD-included,Brown 2003 JPS,USA,EN,case series (3) + lit summary of 127 pts <21y,1,9,M,"2 d pain, fever, acute abdomen (autism)",N (but splenomegaly noted months before),2 d (index); spleen abnormality noted months earlier,<1 wk,N,possible,Y 720,"N (dusky, recovered)",laparotomy detorsion + absorbable mesh splenopexy,Y,NR,preop dx = perforated appendicitis
05,IPD-included,Brown 2003 JPS,USA,EN,case series,2,6,F,1 d pain+vomiting+fever,"Y (similar episodes x2 y, no cause found)",~2 y,>12 mo,N,Y,Y 720,"N (dusky, recovered; transient no uptake on scan)",laparotomy detorsion + absorbable mesh splenopexy,Y,several mo,perfusion returned on repeat scan; PLT rose then normalized
05,excluded/aggregate/duplicate,Brown 2003 JPS,USA,EN,case series,3,19,F,EXCLUDE (age 19),,,,,,,,,,,
06,IPD-included,Esposito 2005 PSI,Italy,EN,case report,1,7,F,"recurrent pain+vomiting, 15-cm spleen",Y,NR (recurrent episodes),NR,NR,NR,N (not reported),N,elective laparotomy partial splenectomy + fixation of residual to diaphragm,Y (partial),>2 y,"enlarged spleen -> splenopexy impossible, hemisplenectomy"
07,IPD-included,Martinez-Ferro 2005 JPS,Argentina,EN,case report,1,4,M,mild recurrent pain,Y,8 mo,1-12 mo,N,NR,N,N,elective lap extraperitoneal pocket splenopexy,Y,2 y,
08,IPD-included,Hedeshian 2005 JLAST,USA,EN,case report,1,2,M,"4 d pain, vomiting, gastric outlet obstruction + pancreatitis",Y (seen by pediatrician several times over preceding year),~1 y,1-12 mo,N,Y,N,N,lap retroperitoneal pocket splenopexy + gastropexy (after resolution),Y,1 mo,missed dx over 1 y
09,IPD-included,Schaarschmidt 2005 JPS,Germany,EN,"technical note, 1 pt",1,9,F,recurrent severe pain since age 5,Y,~4-5 y,>12 mo,N,Y (2 normal US),intermittent (no fixed torsion),N,elective lap balloon retroperitoneal pouch splenopexy,Y,32 mo,"very long delay, preserved"
10,IPD-included,Fukuzawa 2006 PSI,Japan,EN,case report,1,11,M,"urinary frequency/enuresis, no pain; pelvic spleen",Y (long-term urinary sx),"NR (""long-term"")",NR,N,NR,N,N,elective lap extraperitoneal pocket splenopexy,Y,2 mo,
11,IPD-included,Kleiner 2006 JLAST,Israel,EN,case report,1,12,F,nonspecific pain,Y,3 mo,1-12 mo,N,NR,partial 180 (CT),N,elective lap Vicryl mesh splenopexy + phrenocolic plication,Y,6 mo,
12,excluded/aggregate/duplicate,Rescorla 2007 Ann Surg,USA,EN,cohort of 231 lap splenic procedures; 2 WS,agg(2),NR,NR,pain + mass,NR,NR,,NR,NR,Y (detorsed),NR,lap Vicryl mesh bag splenopexy x2,Y (inferred),NR,no individual data -> exclude from IPD
13,IPD-included,Lacreuse 2007 JLAST,France,EN,case report,1,5,F,~15 d intermittent pain + bilious vomiting (with chickenpox),NR,~15 d,1 wk-1 mo,N,NR,Y >1080 (>3 turns),"N (purplish, revascularized); reduced function on scintigraphy at 6 mo",emergency lap detorsion + omental splenopexy,Y (reduced function),18 mo,PLT 1000 with viable spleen
14,IPD-included,Upadhyaya 2007 JPS,USA,EN,case report,1,16,F,asymptomatic; incidental (dysmenorrhea eval); 22-cm spleen + pseudocyst,N,N/A (asymptomatic),asymptomatic,N,N,N,N,elective lap cystectomy + extraperitoneal pouch,Y,NR,
15,IPD-included,Falchetti 2007 JPS,Italy,EN,case report,1,14,F,mobile mass + mild pain; 8-cm cyst,NR,NR,NR,N,NR,N,N,elective lap cyst unroofing + Vicryl mesh splenopexy,Y,1 y,
16,IPD-included,Soleimani 2007 Surg Today,Germany/Iran,EN,case series 6 pts aged 6-37,1,6,M,emergency (all 6 emergency),NR,NR,NR,NR,NR,Y (derotated),N (no prominent necrosis),laparotomy peritoneal-flap splenopexy,Y,2 y,3 necrotic splenectomies: ages not extractable (table not in text layer); authors cite late referral/diagnosis as cause of necrosis
16,IPD-included,Soleimani 2007 Surg Today,Germany/Iran,EN,case series,2,12,F,emergency,NR,NR,NR,NR,NR,Y,N,laparotomy mesh splenopexy,Y,2 y,
17,IPD-included,Ben Ely 2008 JPS,Israel,EN,case series (2 sisters),1,13,F,severe pain + vomiting (4th visit),"Y (6 mo recurrent pain; 3 ED visits in 3 mo, US 'normal')",6 mo,1-12 mo,N,Y,Y,partial necrosis,urgent lap splenectomy,N,long-term uneventful,missed dx x3 visits
17,IPD-included,Ben Ely 2008 JPS,Israel,EN,case series (2 sisters),2,12,F,1 d pain + vomiting,N,1 d,<1 wk,N,N,Y 180,"N (dark, recovered)",laparotomy detorsion + nonabsorbable mesh splenopexy,Y,5 d (Doppler),early dx because of sibling history; whirl sign on CT
18,IPD-included,Di Crosta 2009 JPS,Spain/Italy,EN,case series 1998-2006,1,2.5,F,"3 d pain, acute abdomen",NR,3 d,<1 wk,N,NR,Y 360,complete (no reperfusion),laparotomy splenectomy,N,NR,Table gives symptom duration
18,IPD-included,Di Crosta 2009 JPS,Spain/Italy,EN,case series,2,5,F,pain + 3 wk vomiting + mass,NR,3 wk,1 wk-1 mo,N,NR,Y 360,complete (hemorrhagic necrosis),laparotomy adhesiolysis + splenectomy,N,NR,PLT 1094
18,IPD-included,Di Crosta 2009 JPS,Spain/Italy,EN,case series,3,4,M,2 d pain + vomiting (obstruction),NR,2 d,<1 wk,N,NR,Y 360,N (regained),laparotomy retroperitoneal pouch splenopexy,Y,NR (viable at relaparotomy POD9),
18,IPD-included,Di Crosta 2009 JPS,Spain/Italy,EN,case series,4,3,M,"2 wk pain, worse 24 h + fever + mass",NR,2 wk,1 wk-1 mo,N,Y (referred as appendicitis),Y,"complete (hard torsed mass, adhesions)",laparotomy splenectomy,N,NR,US & CT non-diagnostic (CT misread); PLT 744
19,IPD-included,Francois-Fiquet 2009 JLAST,France,EN,case report,1,2.5,M,"24 h gastric volvulus (distension, vomiting)","Y (3 similar episodes in past 6 mo, no workup)",6 mo,1-12 mo,N,Y,N,N (nonischemic),lap gastropexy covering spleen in extraperitoneal pocket,Y,4 y,GV presentation
20,IPD-included,Okazaki 2010 PSI,Japan,EN,case report,1,4,F,"acute pain + vomiting, gastric volvulus",NR,NR (acute),<1 wk,N,NR,Y 180,N,elective lap extraperitoneal pocket splenopexy + gastropexy,Y,>1 y,GV presentation
21,IPD-included,Sanchez 2010 Pediatr Radiol,USA,EN,case report,1,4,F,1 d GOO + pancreatitis,N,1 d,<1 wk,N,NR,N (compression),N,emergency lap->laparotomy Marlex mesh splenopexy,Y,NR,
22,excluded/aggregate/duplicate,Fiquet-Francois 2010 JPS,France,EN,"multicentre retrospective, 14 pts 1984-2009",agg(14),1d-15y,6F/8M,11/13 emergency,7/13 first episode; 3 previously hospitalised,NR per patient,,NR,NR,NR,6/14 ischemic -> splenectomy,"6 splenectomy, 5 splenopexy, 2 gastropexy, 1 repositioning",8/14 initially preserved; 3/5 mesh splenopexies had postop splenic ischaemia,1.5 y mean,"IPD only for 8 preserved pts (Table 2), no interval per pt. DUPLICATES: 2.5 y M gastropexy = paper 19; 5 y F omental splenopexy = paper 13. Use aggregate only."
23,IPD-included,Magno 2011 JLAST,Italy,EN,case report,1,3,M,"2 d vomiting, GOO + pancreatitis",N (first episode; chronic constipation),2 d (+2 wk planned wait before elective op),<1 wk,Y (elective op scheduled 2 wk later; symptoms recurred night before),N,N,N,elective lap extraperitoneal pocket + Vicryl mesh splenopexy,Y,NR,
24,IPD-included,Parisinos 2011 BMJ Case Rep,Israel,EN,case report,1,2,NR,"painless RLQ mass, incidental; prior CDH repair at birth",N,N/A (asymptomatic),asymptomatic,N,N,N,N,lap retroperitoneal pouch splenopexy,Y,2 mo,CDH association
25,IPD-included,Sun Chi 2011 Chin J Pediatr Surg,China,ZH,case report,1,3,F,intermittent pain 1 mo + fever 0.5 mo; tender mass,Y,1 mo,1-12 mo,N,NR,"Y 900 (2.5 turns; CT ~3 turns, whirl)",major infarction (~80%); lower pole viable,lap partial splenectomy (~80%) + extraperitoneal fixation of residual 20%,"Y (partial, ~20%)",5 mo,chronic torsion; scanned PDF read from image
26,excluded/aggregate/duplicate,Tran 2013 JPS,USA,EN,case report,1,18,M,"EXCLUDE (age 18); 1 d acute pain, PBS, whirl sign, 720 torsion ischemic->reperfused, mesh splenopexy, preserved",,,,,,,,,,,
27,IPD-included,Mehta 2013 JPS,USA,EN,case report + review,1,11,F,"5 d nausea, vomiting, early satiety, pain; CDH repaired at 3 d",NR ('chronic pain' in abstract; duration not given),5 d (index); chronic pain unspecified,<1 wk,N,NR,Y 360,"N (congested, viable)",laparotomy detorsion + Vicryl mesh splenopexy,Y,6 mo,CDH association; gastric varices
28,excluded/aggregate/duplicate,Magowska 2013 World J Surg,Poland,EN,historical review; no patient data,-,-,-,-,-,-,,-,-,-,-,-,-,-,no IPD; background/Introduction only (history: Dietl 1854; first splenopexy Rydygier 1895)
29,IPD-included,Goyal 2014 APSP J Case Rep,India,EN,case report,1,3,F,"3 d severe pain, tense abdomen, mobile mass","Y (chronic vague lower abdominal pain, multiple GP visits)",NR (chronic),NR,N,Y,Y 360,"N (dark congested, patchy recovery; biopsy viable w fibrosis)",laparotomy detorsion + omental wrap splenopexy,Y,4 mo+,preop dx not established
30,IPD-included,Rellum 2014 EJPS Rep,Netherlands,EN,case report,1,14,F,"3 wk recurrent pain, malaise",Y,3 wk (+ ~10 d diagnostic delay; spleen initially in normal position on US),1 wk-1 mo,N,Y (initially splenomegaly of unknown cause),Y 360,N,semi-elective lap Vicryl mesh splenopexy,Y,3 mo,splenorenal collaterals on MRI; PLT 108-128
31,excluded/aggregate/duplicate,Lombardi 2014 Pediatr Radiol,Italy,EN,case series (3) + imaging review of 55 children 2002-12,1,2.5,F,"3 d pain, tense abdomen",NR,3 d,,N,NR,Y 360,"complete (necrosis, fibrosis)",laparotomy splenectomy,N,NR,"PROBABLE DUPLICATE of Di Crosta 2009 case 1 (same hospital Bambino Gesu, 30 mo F, 3 d, WBC 18.8, 360, necrosis+fibrosis) -> count once"
31,IPD-included,Lombardi 2014 Pediatr Radiol,Italy,EN,case series,2,12,M,"recurrent pain, tender mass (lymphangioma)",Y,3 mo,1-12 mo,N,NR,Y 360,N,detorsion + mass excision + splenopexy,Y,NR,
31,IPD-included,Lombardi 2014 Pediatr Radiol,Italy,EN,case series,3,15,M,"asymptomatic, enlarged spleen",N,N/A (asymptomatic; duration unknown),asymptomatic,N,N,Y (whirl sign; chronic),"venous thrombosis, congested",splenectomy,N,NR,asymptomatic yet lost (chronic torsion with splenic vein thrombosis)
32,IPD-included,Torri 2015 Asian J Endosc Surg,Italy,EN,case report,1,13,F,"7 d pain, fever, nausea; raised amylase/lipase",N,7 d,1 wk-1 mo,N,N,Y 720 (+ distal pancreas),"N (dusky, recovered)",urgent lap derotation + Vicryl mesh bag splenopexy,Y,NR (check),pancreatic tail torsion
33,IPD-included,Cantone 2016 Case Rep Surg,Italy,EN,case report + review,1,13,F,"acute GV relapse (epigastric pain, vomiting)",Y (intermittent episodes for 8 y after Morgagni repair; admitted 6 mo before),~6 mo-8 y (GV sx),>12 mo,N,Y,N (no splenic torsion reported),N,laparotomy gastropexy + retroperitoneal pocket splenopexy,Y,5 mo,GV-associated; prior Morgagni hernia repair
34,IPD-included,Morgan 2017 Surg Endosc (video),USA,EN,video case,1,11,M,"recurrent episodic pain, nausea, vomiting; arthrogryposis",Y,NR,NR,N,NR,NR,N,lap Vicryl mesh encircling splenopexy,Y,short,
35,IPD-included,Cohen 2018 IMAJ,Israel,EN,"case series: 10 pts 1996-2017 (5 elective uneventful, 5 emergency)",1,12.7,F,10 d continuous pain; improved on conservative tx,N,~10 d + 2 wk planned wait,1 wk-1 mo,"Y (discharged, elective op 2 wk later)",N,NR,post-op splenic vein thrombosis -> ischaemia POD3,elective lap mesh splenopexy -> emergency splenectomy POD3,N,>9 mo,"LOSS DUE TO POST-SPLENOPEXY COMPLICATION (technique-related), not delay; later adhesive SBO"
35,IPD-included,Cohen 2018 IMAJ,Israel,EN,case series,2,9,F,2 d crampy pain; trisomy 21,N,2 d,<1 wk,N,Y (US read as ovarian tumour; CT same admission),Y,complete (necrotic),emergency laparotomy splenectomy,N,NR,
35,IPD-included,Cohen 2018 IMAJ,Israel,EN,case series,3,7,M,intermittent pain; 15-cm spleen; referred to haematology,Y,weeks (NR exact); MRI 10 d after 2nd visit,1 wk-1 mo,Y (semi-elective op scheduled; torsion night before),Y (haematology referral),Y 720,ischaemic but salvaged,emergency laparotomy detorsion + Vicryl mesh splenopexy,Y,NR,delay from repeated imaging
35,excluded/aggregate/duplicate,Cohen 2018 IMAJ,Israel,EN,case series,4,-,-,"DUPLICATE of Steinberg 2002 case 1 (4.2 y M) - same centre, identical details",,,,,,,,,,,
35,excluded/aggregate/duplicate,Cohen 2018 IMAJ,Israel,EN,case series,5,-,-,"DUPLICATE of Steinberg 2002 case 4 (15 y F) - same centre, identical details",,,,,,,,,,,
36,IPD-included,耿宪杰 2018 (T型囊袋),China,CN,case report x2,1,9,F,1 mo abdominal pain,NR,~1 mo,1 wk-1 mo,N,N,Y 360,N,emergency laparotomy T-shaped peritoneal pouch splenopexy,Y,6 mo,
36,IPD-included,耿宪杰 2018 (T型囊袋),China,CN,case report x2,2,4.75,M,4 d,N,4 d,<1 wk,N,Y (prior US reported 'asplenia'),Y 540,"ischaemic, recovered after detorsion",laparotomy T-shaped pouch splenopexy,Y,NR,Down syndrome + CHD
37,excluded/aggregate/duplicate,Alqadi 2019 review,-,EN,"narrative review (PubMed only, 15 articles 1998-2016, n=20 lap cases)",-,-,-,AGGREGATE ONLY; no interval data; 18 splenopexy / 2 splenectomy; use for reference-mining,,,,,,,,,,,
38,IPD-included,Umeda 2020 Asian J Endosc Surg,Japan,EN,technique report,1,12,M,distension + vomiting (GV); transferred,NR,NR,NR,N,N,NR (GV),"N (swollen, perfused)",lap three-incision retroperitoneal pouch + gastropexy,Y,14 mo,GV subgroup; interval NR
39,excluded/aggregate/duplicate,孙驰 2020 (2例),China,CN,case report x2,1,-,-,DUPLICATE of 孙驰 2011 (paper 25); FU extended to 3 y; PLT 184->946,,,,,,,,,,,
39,IPD-included,孙驰 2020 (2例),China,CN,case report x2,2,4,F,"intermittent pain 2 y, worse 1 mo",Y,~2 y,>12 mo,NR,NR,Y 5 turns (1800),Y partial,lap partial splenectomy (~30% kept) + extraperitoneal fixation,Y (partial),NR,PLT 566 POD3 after partial splenectomy
40,IPD-included,Kataria 2021 BMJ Case Rep,India,EN,case report,1,13,M,10 d pain + vomiting (acute GV),NR,~10 d,1 wk-1 mo,N,N,NR (GV),N,"lap eventration plication + mesh, extraperitoneal pouch splenopexy + gastropexy",Y,1 y,GV + diaphragmatic eventration + ascended kidney
41,excluded/aggregate/duplicate,Ganarin 2021 JLAST SR,Italy,EN,"SR (PROSPERO CRD42018089971; PubMed/Cochrane/Embase/WoS 1990-2018, English only; 166 articles, 194 lit + 3 own = 197)",-,-,-,AGGREGATE ONLY for lit cases; NO delay/interval analysis; splenectomy 54.8% (22.1% of primary splenectomies on non-torted spleens by surgeon choice); splenopexy success 88% if torsion,,,,,,,,,,,KEY PRIOR SR - novelty must be positioned against it
41,IPD-included,Ganarin 2021 JLAST SR,Italy,EN,own cases,1,3,F,"acute pain, fever, vomiting",NR,NR,NR,N,N,Y,N (vital),MIS retroperitoneal pouch,Y,NR,post-op GOO -> pyloroplasty + gastropexy
41,IPD-included,Ganarin 2021 JLAST SR,Italy,EN,own cases,2,6.5,M,recurrent pain,Y,NR,NR,N,N,N,N,elective MIS retroperitoneal pouch,Y,NR,
41,IPD-included,Ganarin 2021 JLAST SR,Italy,EN,own cases,3,5,M,incidental,N,-,asymptomatic,N,N,Y (vital),N,elective MIS retroperitoneal pouch,Y,NR,corpus callosum agenesis
42,IPD-included,Thomas 2021 Emerg Radiol,USA,EN,case report x2,1,9,F,2 d pain,N,2 d,<1 wk,N,N (initial ddx appendicitis/pyelonephritis; CT same visit),Y 6 turns (2160),"N (dusky, recovered)",lap detorsion + splenopexy,Y,NR (well),"OHVIRA, absent left kidney"
42,IPD-included,Thomas 2021 Emerg Radiol,USA,EN,case report x2,2,15,M,2 d pain,"Y (similar episode 4 mo earlier, self-resolved)",~4 mo (first episode) / 2 d (index),1-12 mo,N,Y (outside CT read as intussusception),Y 720,"N (dusky, recovered)",lap detorsion + splenopexy,Y,4 mo,prior left nephrectomy; missed prior episode but preserved
43,IPD-included,陈媛 2021,China,CN,case report,1,1.58,M,1 d vomiting,"Y (admitted 24 d earlier for pyloric obstruction, attributed to bayberry pits)",~24 d,1 wk-1 mo,N,possible (prior admission),"Y 180 (GV) ; spleen RUQ, perfused",N,lap CDH repair + splenopexy (hernia sac) + gastropexy,Y,NR,gastric volvulus + left CDH subgroup
44,IPD-included,Liao 2022 Asian J Surg (letter),China,EN,case report,1,6,F,"1 wk pain, worse 2 d",N,~1 wk,1 wk-1 mo,N,N,Y 720,"N (stasis, recovered)",lap->open two-suture splenopexy (6-0 polypropylene),Y,NR (short),GIANT spleen 17.5 cm fixed by sutures - relevant to technique
45,IPD-included,Wang 2022 BMC Pediatr,China,EN,"case series (6, 2016-2021)",1,1.5,F,pain + mass 10 d,NR,10 d,1 wk-1 mo,N,NR,Y 720,Y total,open splenectomy,N,NR,PLT elevated
45,IPD-included,Wang 2022 BMC Pediatr,China,EN,"case series (6, 2016-2021)",2,12,F,pain + nausea 1 mo,NR,1 mo,1 wk-1 mo,N,NR,Y 360,Y total + fibrosis,lap->open splenectomy,N,NR,PLT elevated
45,IPD-included,Wang 2022 BMC Pediatr,China,EN,"case series (6, 2016-2021)",3,12.8,M,pain + mass 12 mo,Y,12 mo,1-12 mo,N,NR,Y 360,"N (congestion/haemorrhage, VIABLE)",open splenectomy (splenopexy failed due to splenomegaly 16 cm),N,NR,VIABLE SPLEEN LOST FOR TECHNICAL REASON (giant spleen) - supports technique rationale; PLT normal
45,IPD-included,Wang 2022 BMC Pediatr,China,EN,"case series (6, 2016-2021)",4,5.1,F,pain + fever 7 d,NR,7 d,1 wk-1 mo,N,NR,Y 1800,Y total,lap->open splenectomy,N,NR,PLT elevated
45,IPD-included,Wang 2022 BMC Pediatr,China,EN,"case series (6, 2016-2021)",5,14.2,F,pain + vomiting 10 d,NR,10 d,1 wk-1 mo,N,Y (whirl sign missed on admission CT; dx on day 6 in hospital),Y 270,Y partial,lap splenectomy,N,NR,"gastric+pancreatic torsion, splenic vein thrombosis; PLT elevated"
45,excluded/aggregate/duplicate,Wang 2022 BMC Pediatr,China,EN,"case series (6, 2016-2021)",6,0.8,M,accessory spleen torsion,,,,,,,,,,,EXCLUDE - wandering accessory spleen
46,IPD-included,Nakagawa 2022 Pediatr Surg Int,Japan,EN,"case series (8 GV, 6 with WS; 2013-2021)",1,2,M,vomiting (mesentero-axial GV),"NR per patient (4 chronic GV had 1-2 prior admissions, not mapped to case)",NR,NR,N,NR,NR (GV),N,lap extraperitoneal pocket splenopexy + gastropexy,Y,3 mo-4 y,GV subgroup; per-case interval not extractable
46,IPD-included,Nakagawa 2022 Pediatr Surg Int,Japan,EN,"case series (8 GV, 6 with WS; 2013-2021)",2,4,M,vomiting (mesentero-axial GV),"NR per patient (4 chronic GV had 1-2 prior admissions, not mapped to case)",NR,NR,N,NR,NR (GV),N,lap extraperitoneal pocket splenopexy + gastropexy,Y,3 mo-4 y,GV subgroup; per-case interval not extractable
46,IPD-included,Nakagawa 2022 Pediatr Surg Int,Japan,EN,"case series (8 GV, 6 with WS; 2013-2021)",3,4,F,vomiting (mesentero-axial GV),"NR per patient (4 chronic GV had 1-2 prior admissions, not mapped to case)",NR,NR,N,NR,NR (GV),N,lap extraperitoneal pocket splenopexy + gastropexy,Y,3 mo-4 y,GV subgroup; per-case interval not extractable
46,IPD-included,Nakagawa 2022 Pediatr Surg Int,Japan,EN,"case series (8 GV, 6 with WS; 2013-2021)",4,5,M,vomiting (mesentero-axial GV),"NR per patient (4 chronic GV had 1-2 prior admissions, not mapped to case)",NR,NR,N,NR,NR (GV),N,lap extraperitoneal pocket splenopexy + gastropexy,Y,3 mo-4 y,GV subgroup; per-case interval not extractable
46,IPD-included,Nakagawa 2022 Pediatr Surg Int,Japan,EN,"case series (8 GV, 6 with WS; 2013-2021)",5,6,M,vomiting (mesentero-axial GV),"NR per patient (4 chronic GV had 1-2 prior admissions, not mapped to case)",NR,NR,N,NR,NR (GV),N,lap extraperitoneal pocket splenopexy + gastropexy,Y,3 mo-4 y,GV subgroup; per-case interval not extractable
46,IPD-included,Nakagawa 2022 Pediatr Surg Int,Japan,EN,"case series (8 GV, 6 with WS; 2013-2021)",6,6,F,vomiting (mesentero-axial GV),"NR per patient (4 chronic GV had 1-2 prior admissions, not mapped to case)",NR,NR,N,NR,NR (GV),N,lap extraperitoneal pocket splenopexy + gastropexy,Y,3 mo-4 y,GV subgroup; per-case interval not extractable
47,IPD-included,Ikeda 2022 J Surg Case Rep,Japan,EN,case report,1,10,F,lower abdominal mass noticed 6 mo,N,~6 mo,1-12 mo,N,Y (initially suspected ovarian tumour; same work-up),NR,N,lap-assisted partial splenectomy (10-cm pseudocyst) + extraperitoneal pocket,"Y (partial, for cyst)",NR,splenic cyst subgroup; partial splenectomy not for infarction
48,excluded/aggregate/duplicate,Mirza 2022 J Pak Med Assoc,Pakistan,EN,case report,1,20,F,"EXCLUDE - adult (20 y); 4-y history of recurrent episodes (onset ~16 y); GV + WS, spleen preserved",,,,,,,,,,,possible sensitivity case if eligibility = symptom onset <18 y
49,IPD-included,Bhambu 2023 Cureus,India,EN,case report,1,2,M,2-3 h pain + retching (acute GV),N,<1 d,<1 wk,N,N,NR (GV),N,laparotomy gastropexy + splenopexy (within 4 h),Y,NR,GV subgroup; elevated left hemidiaphragm
50,excluded/aggregate/duplicate,Moore 2023 Ann R Coll Surg Engl,UK,EN,SR of GOO + case,-,21,F,EXCLUDE index case (adult); SR of 6 GOO cases - use for reference-mining (includes Sanchez 2010 = paper 21),,,,,,,,,,,
51,IPD-included,张金山 2023 (十字切口),China,CN,case report,1,6,F,5 d intermittent pain,N,5 d,<1 wk,N,N,Y 180,N,lap -> open cross-incision peritoneal pouch splenopexy,Y,3 mo,
52,IPD-included,Hiraba 2024 Pediatr Int,Japan,EN,"clinical note x2 (acquired, post-fundoplication)",1,13,M,"vomiting, fever, petechiae 2 d; DIC",Y (long-term known WS since fundoplication at 2 y),years (known WS) / 2 d (index),>12 mo,"Y (known WS observed, not fixed)",N,Y (omentum around pedicle; spontaneous detorsion),N (normal after detorsion),lap retroperitoneal pouch splenopexy,Y,NR,ACQUIRED WS (Toupet + gastrosplenic ligament division); trisomy 21; PLT 12k (DIC)
52,IPD-included,Hiraba 2024 Pediatr Int,Japan,EN,"clinical note x2 (acquired, post-fundoplication)",2,14,F,"vomiting, fever, LLQ pain 1 wk",NR,1 wk,1 wk-1 mo,NR,NR,Y (whirl),Y (no reperfusion),emergency laparotomy splenectomy,N,NR,ACQUIRED WS (fundoplication + Ladd at 5 y); Sotos syndrome
53,IPD-included,Al Blooshi 2025 BMC Pediatr,UAE,EN,case report x3,1,13,F,"progressive pain 3 wk, vomiting, fever last 24 h",N,~3 wk,1 wk-1 mo,N,NR,Y multiple,Y (global infarction),urgent laparotomy splenectomy,N,1 mo+,
53,IPD-included,Al Blooshi 2025 BMC Pediatr,UAE,EN,case report x3,2,10,F,3 d pain + vomiting,"Y (known ectopic/'pelvic' spleen from earlier incidental imaging, not operated)",NR (known WS) / 3 d (index),NR,Y (known WS observed),N,Y 1440 (4 turns),partial (partially viable),lap->open sutured splenopexy to lateral wall (large spleen),Y,6 mo,KNOWN WS NOT FIXED -> torsion; large spleen fixed by sutures
53,IPD-included,Al Blooshi 2025 BMC Pediatr,UAE,EN,case report x3,3,3,F,"acute pain, fever, vomiting 1 d",N,1 d,<1 wk,N,N,Y multiple,N (impending; partial reperfusion),emergency laparotomy retroperitoneal pouch,Y,NR,
