decision,reason,src_a,id_a,year_a,author_a,journal_a,vol_a,pages_a,doi_a,src_b,id_b,year_b,author_b,journal_b,vol_b,pages_b,doi_b,title_a,title_b
"kept apart: different journal/volume/pages/year, or irrelevant (patent, animal study); reviewed 4 Oct 2026","same title, author missing",PubMed,9114840,1997,desai,Southern medical journal,90,439-43,10.1097/00007611-199704000-00017,Scopus,85026176708,1999,,Journal of the American Association for Medical Transcription,18,31-37,,Wandering spleen: a challenging diagnosis.,Wandering spleen: A challenging diagnosis
"kept apart: different journal/volume/pages/year, or irrelevant (patent, animal study); reviewed 4 Oct 2026","same title, author missing",WoS,WOS:A1997WU96800017,1997,desai,SOUTHERN MEDICAL JOURNAL,90,439-443,10.1097/00007611-199704000-00017,Scopus,85026176708,1999,,Journal of the American Association for Medical Transcription,18,31-37,,Wandering spleen: A challenging diagnosis,Wandering spleen: A challenging diagnosis
"kept apart: different journal/volume/pages/year, or irrelevant (patent, animal study); reviewed 4 Oct 2026","same title, author missing",Scopus,33644797501,2005,alawi,Pakistan Journal of Medical Sciences,21,482-484,,Scopus,85026176708,1999,,Journal of the American Association for Medical Transcription,18,31-37,,Wandering spleen: A challenging diagnosis,Wandering spleen: A challenging diagnosis
"kept apart: different journal/volume/pages/year, or irrelevant (patent, animal study); reviewed 4 Oct 2026","same title, author missing",Scopus,85026176708,1999,,Journal of the American Association for Medical Transcription,18,31-37,,Scopus,0030909969,1997,desai,Southern Medical Journal,90,439-443,10.1097/00007611-199704000-00017,Wandering spleen: A challenging diagnosis,Wandering spleen: A challenging diagnosis
"kept apart: different journal/volume/pages/year, or irrelevant (patent, animal study); reviewed 4 Oct 2026","same title, author missing",PubMed,576270,1977,pollak,JAMA,237,469-70,,Scopus,84941818339,1977,,JAMA: The Journal of the American Medical Association,237,2603,10.1001/jama.1977.03270510025014,Volvulus of the spleen.,Volvulus of the Spleen
"kept apart: different journal/volume/pages/year, or irrelevant (patent, animal study); reviewed 4 Oct 2026","same title, author missing",Scopus,0017329006,1977,pollak,JAMA: The Journal of the American Medical Association,237,469-470,10.1001/jama.1977.03270320047021,Scopus,84941818339,1977,,JAMA: The Journal of the American Medical Association,237,2603,10.1001/jama.1977.03270510025014,Volvulus of the Spleen,Volvulus of the Spleen
merged (manual decision),"same title, author missing",PubMed,830634,1977,,Journal of the American Veterinary Medical Association,170,65-8,,Scopus,0017617042,1977,lipowitz,Journal of the American Veterinary Medical Association,170,65-68,,Clinico-pathologic conference.,Clinico pathologic conference
merged (manual decision),"same title, author missing",PubMed,18100331,1948,stefanik,Ceskoslovenska gynekologie,13,251,,Scopus,84957380082,1948,,Ceskoslovenská gynekologie,13,251,,[Torsion of the spleen during pregnancy].,Torsion of the spleen during pregnancy
merged (manual decision),"same title and author, year differs >1",Scopus,85073427744,2019,rathore,Turk Patoloji Dergisi,35,242-246,10.5146/tjpath.2017.01403,Scopus,85190319449,2017,rathore,Turk patoloji dergisi,1,1-5,10.5146/tjpath.2017.01403,Primary splenic pregnancy- a rare but imperative cause of hemoperitoneum - case report and review of literature,Primary Splenic Pregnancy- A Rare but Imperative Cause of Hemoperitoneum - Case Report and Review of Literature
merged (manual decision),"same title, author missing",CNKI,https://kns.cnki.net/kcms2/article/abstract?v=DgjXjbKQq8fowRyhvq3Jg7AWHGv7-Y-XupwRamBXik5yFc3NJ6XpQltAaG0uhqrfcEA1HHD3SBGbGNyRxN3U7gASOqQlfPTdTgHE0NBpC2-OFsxUCwmwS1oKmJ5BwUpX27Moj3KDkffyNrWBnN19EMQQpvyCH2ER8bnrRh5p8kyzZ0762BF-vw==&uniplatform=NZKPT&language=CHS,2014,,护士进修杂志,29,1160,,Wanfang,https://d.wanfangdata.com.cn/periodical/CiBQZXJpb2RpY2FsQ0hJU29scjkyMDI2MDkxNTE0MjIxORIPaHNqeHp6MjAxNDEzMDAzGghpYjFiMnVoeg%3D%3D,2014,《护士继续教育手册》,护士进修杂志,,1160-1160,,超声检查腹部脏器的适应证有哪些?,超声检查腹部脏器的适应证有哪些？
merged (manual decision),"same title, author missing",CNKI,https://kns.cnki.net/kcms2/article/abstract?v=DgjXjbKQq8fowRyhvq3Jg7AWHGv7-Y-XupwRamBXik5yFc3NJ6XpQltAaG0uhqrfcEA1HHD3SBGbGNyRxN3U7gASOqQlfPTdTgHE0NBpC2-OFsxUCwmwS1oKmJ5BwUpX27Moj3KDkffyNrWBnN19EMQQpvyCH2ER8bnrRh5p8kyzZ0762BF-vw==&uniplatform=NZKPT&language=CHS,2014,,护士进修杂志,29,1160,,CBM,2014571936,2014,,护士进修杂志,29,1160,,超声检查腹部脏器的适应证有哪些?,超声检查腹部脏器的适应证有哪些?
merged (manual decision),"same title, author missing",Wanfang,https://d.wanfangdata.com.cn/periodical/CiBQZXJpb2RpY2FsQ0hJU29scjkyMDI2MDkxNTE0MjIxORIPaHNqeHp6MjAxNDEzMDAzGghpYjFiMnVoeg%3D%3D,2014,《护士继续教育手册》,护士进修杂志,,1160-1160,,CBM,2014571936,2014,,护士进修杂志,29,1160,,超声检查腹部脏器的适应证有哪些？,超声检查腹部脏器的适应证有哪些?
merged (manual decision),"same title, author missing",CNKI,https://kns.cnki.net/kcms2/article/abstract?v=DgjXjbKQq8fgbKaiYo2eY5CKOyTuLvt2yA2OVpk-yoJbevZc8Ka1OqL63Ig8_ezU7-b4t3yyGSikpWqyl0LKwxGVN8T3yXi9PqOOwbEw_9f0gNrYwzvRkKZ610ATLjhAJ3nrFxlTeTFOarnZA13H-bhiIgyiqu92tv6q6QpjFa1MpwLxNqv_PQ==&uniplatform=NZKPT&language=CHS,2012,,中华消化内镜杂志,29,115,,Wanfang,https://d.wanfangdata.com.cn/periodical/CiBQZXJpb2RpY2FsQ0hJU29scjkyMDI2MDkxNTE0MjIxORITemh4aG5qeno5ODIwMTIwMjAyMhoIaWIxYjJ1aHo%3D,2012,杨景波,中华消化内镜杂志,29,115,10.3760/cma.j.issn.1007-5232.2012.02.022,胃底异位脾种植误诊为间质瘤一例,胃底异位脾种植误诊为间质瘤一例
merged (manual decision),"same title and author, year differs >1",CNKI,222,,侯利民,,,,,Wanfang,https://d.wanfangdata.com.cn/thesis/Ch1UaGVzaXNOZXdTb2xyOVMyMDI2MDkxNjA5NDMzMhIHWTY2MDAwOBoIaWIxYjJ1aHo%3D,2004,侯利民,,,,,耐受性树突状细胞诱导移植脾免疫耐受的实验研究,耐受性树突状细胞诱导移植脾免疫耐受的实验研究
merged (manual decision),"same title, author missing",CNKI,https://kns.cnki.net/kcms2/article/abstract?v=DgjXjbKQq8e562hwvHFDkFOE_v_06NeSAwdGnnAIVw6RBK0WaJpCbFjoSXHT1k9SoO55V-C0bcfP4iA8faFMLgURKlbp_r67BQQSMkoyn3QgaHHvBTb0zN4bfMKdAeEF_uu5iqqTnMxQi_l8r8Yj6H4Jf1UnrADouQBtJAK9oaHNmkhtGtcRaA==&uniplatform=NZKPT&language=CHS,2005,冯平勇,中华放射学杂志,,100-101,,Wanfang,https://d.wanfangdata.com.cn/periodical/CiBQZXJpb2RpY2FsQ0hJU29scjkyMDI2MDkxNTE0MjIxORIOemhmc3gyMDA1MTAwMjUaCGliMWIydWh6,2005,,中华放射学杂志,39,1107-1108,10.3760/j.issn:1005-1201.2005.10.025,游走脾并脾蒂扭转二例,游走脾并脾蒂扭转二例
"kept apart: different journal/volume/pages/year, or irrelevant (patent, animal study); reviewed 4 Oct 2026","same title, author missing",CNKI,https://kns.cnki.net/kcms2/article/abstract?v=DgjXjbKQq8d-sF959QaEsclLjH937R5YsvyJkNuFSkaESwL9F6c0xvK74lAW6UcCfXawtp1KmDo8EQuE_SrcUv8OwqGn-Vio2idwIJ-g7uFd3khE2xCfbRGoCRiLDDp_j48jczwk4E0n8OqBns6JkkzChWBrQyrl32OQWa-Q_KK8wJkWhyUDCQ==&uniplatform=NZKPT&language=CHS,2000,曹龙,中国普外基础与临床杂志,,420,,CNKI,https://kns.cnki.net/kcms2/article/abstract?v=DgjXjbKQq8eq73PxWCWzaQFe0-UEIhKQrb7q0fcX0PWf_3p9yN5grwSonR_Vx1pT1XvCuUSf7xTeVLF6NiJLT-GLFtyAoXFA8kayr9A28c5Smi-sMqFPlPqPtTrjyromdKZVnLvscvURSkcIVQRkNNqBCR5VmvZqg0KVLW4_d3I7f0-HTr-2og==&uniplatform=NZKPT&language=CHS,1984,,中华小儿外科杂志,5,117,,游走脾伴脾蒂扭转1例报告,游走脾伴脾蒂扭转1例报告
merged (manual decision),"same title, author missing",CNKI,https://kns.cnki.net/kcms2/article/abstract?v=DgjXjbKQq8cx0Ln5G1wxouZwLH02nFauut_YzX0W2eeJnTBCcj0l5rsC8H1EuPMTdrPOkAuTlqjIrkJ3eYp5aZyz96sgKtoU2Hadx4dKsnDgwfp_m_JGR8DjHM8VpVMxJKmcoJlKHExAnQsCHVrdB9wxyQddQCTqk0iW8mzgoglR7noEY2nImA==&uniplatform=NZKPT&language=CHS,1984,吕昭明,中华小儿外科杂志,5,117-117,,CNKI,https://kns.cnki.net/kcms2/article/abstract?v=DgjXjbKQq8eq73PxWCWzaQFe0-UEIhKQrb7q0fcX0PWf_3p9yN5grwSonR_Vx1pT1XvCuUSf7xTeVLF6NiJLT-GLFtyAoXFA8kayr9A28c5Smi-sMqFPlPqPtTrjyromdKZVnLvscvURSkcIVQRkNNqBCR5VmvZqg0KVLW4_d3I7f0-HTr-2og==&uniplatform=NZKPT&language=CHS,1984,,中华小儿外科杂志,5,117,,游走脾伴脾蒂扭转1例报告,游走脾伴脾蒂扭转1例报告
merged (manual decision),"same title, author missing",CNKI,https://kns.cnki.net/kcms2/article/abstract?v=DgjXjbKQq8eq73PxWCWzaQFe0-UEIhKQrb7q0fcX0PWf_3p9yN5grwSonR_Vx1pT1XvCuUSf7xTeVLF6NiJLT-GLFtyAoXFA8kayr9A28c5Smi-sMqFPlPqPtTrjyromdKZVnLvscvURSkcIVQRkNNqBCR5VmvZqg0KVLW4_d3I7f0-HTr-2og==&uniplatform=NZKPT&language=CHS,1984,,中华小儿外科杂志,5,117,,Wanfang,https://d.wanfangdata.com.cn/periodical/CiBQZXJpb2RpY2FsQ0hJU29scjkyMDI2MDkxNTE0MjIxORINeHJ3azE5ODQwMjAzNhoIaWIxYjJ1aHo%3D,1984,吕昭明,中华小儿外科杂志,5,117,10.3760/cma.j.issn.0253-3006.1984.02.036,游走脾伴脾蒂扭转1例报告,游走脾伴脾蒂扭转1例报告
"kept apart: different journal/volume/pages/year, or irrelevant (patent, animal study); reviewed 4 Oct 2026","same title, author missing",CNKI,https://kns.cnki.net/kcms2/article/abstract?v=DgjXjbKQq8eq73PxWCWzaQFe0-UEIhKQrb7q0fcX0PWf_3p9yN5grwSonR_Vx1pT1XvCuUSf7xTeVLF6NiJLT-GLFtyAoXFA8kayr9A28c5Smi-sMqFPlPqPtTrjyromdKZVnLvscvURSkcIVQRkNNqBCR5VmvZqg0KVLW4_d3I7f0-HTr-2og==&uniplatform=NZKPT&language=CHS,1984,,中华小儿外科杂志,5,117,,Wanfang,https://d.wanfangdata.com.cn/periodical/CiBQZXJpb2RpY2FsQ0hJU29scjkyMDI2MDkxNTE0MjIxORIUemdwd2pjeWxjenoyMDAwMDYwNDAaCGliMWIydWh6,2000,曹龙,中国普外基础与临床杂志,7,420-420,10.3969/j.issn.1007-9424.2000.06.040,游走脾伴脾蒂扭转1例报告,游走脾伴脾蒂扭转1例报告
"kept apart: different journal/volume/pages/year, or irrelevant (patent, animal study); reviewed 4 Oct 2026","same title, author missing",CNKI,https://kns.cnki.net/kcms2/article/abstract?v=DgjXjbKQq8eq73PxWCWzaQFe0-UEIhKQrb7q0fcX0PWf_3p9yN5grwSonR_Vx1pT1XvCuUSf7xTeVLF6NiJLT-GLFtyAoXFA8kayr9A28c5Smi-sMqFPlPqPtTrjyromdKZVnLvscvURSkcIVQRkNNqBCR5VmvZqg0KVLW4_d3I7f0-HTr-2og==&uniplatform=NZKPT&language=CHS,1984,,中华小儿外科杂志,5,117,,CBM,2001104211,2000,曹龙,中国普外基础与临床杂志,7,420,,游走脾伴脾蒂扭转1例报告,游走脾伴脾蒂扭转1例报告
"kept apart: different journal/volume/pages/year, or irrelevant (patent, animal study); reviewed 4 Oct 2026","same title, author missing",CNKI,https://kns.cnki.net/kcms2/article/abstract?v=DgjXjbKQq8fKbfPCp1k4wCenzUFWnG3t2Hp6-tbeUxlBgMefelHQwf_j0tdf48s7H_dlL2TraOBm401GnFE_uGj8mGHJx_rMzjmTkAcWdiuWz3SzsWieCxP3tGbQg15mu_AWKg0f3e-GLxpl7C5r_mU--OvbL3ttTPcoX5N0pzu9P_78_PrdcQ==&uniplatform=NZKPT&language=CHS,1991,,内蒙古医学院学报,,19,,CBM,1990027171,1990,郑红,中华理疗杂志,13,1-3,,氦-氖激光激活小鼠单核-巨噬细胞系统的实验观察,氦-氖激光激活小鼠单核-巨噬细胞系统的实验观察
"kept apart: different journal/volume/pages/year, or irrelevant (patent, animal study); reviewed 4 Oct 2026","same title, author missing",CNKI,https://kns.cnki.net/kcms2/article/abstract?v=DgjXjbKQq8dc2HjpDztS1xwT1iuM8IIH8-bTYCkqvO4KmchULnmLFgpkOx3EUXw69lMiI_S7SRyyKMeN97AHVepIxubLLmc9ijQl-Kw1LBLfpNt78PfvEbkEVWvp4Bhkiayj_SB_e_bbnPfhTTzyLupjK4Ov0W1d-kgtfYtKT5427pqTVB9Aqg==&uniplatform=NZKPT&language=CHS,1987,,同济医科大学学报,,232,,CNKI,https://kns.cnki.net/kcms2/article/abstract?v=DgjXjbKQq8ftdo1tDogvZiGTASlK4wLteLkHrsTbyLnI7fU963_OGsoZrB2-CzGhqOjxs82ztRCZfkDLnvDOkaxOntoPQX7MIDZyqpisY0Uyw6OQPnG46yuRWW8nTZLVp5sSCcRcj7LAamDl2FkiRiM-hkcoCpfXf2hy2o51v5fGwGqvTMONVQ==&uniplatform=NZKPT&language=CHS,1987,刘乐欣,中华实验外科杂志,4,22-24,,脾脏在廓清血源性肺炎球菌中的重要作用,脾脏在廓清血源性肺炎球菌中的重要作用
"kept apart: different journal/volume/pages/year, or irrelevant (patent, animal study); reviewed 4 Oct 2026","same title, author missing",CNKI,https://kns.cnki.net/kcms2/article/abstract?v=DgjXjbKQq8dc2HjpDztS1xwT1iuM8IIH8-bTYCkqvO4KmchULnmLFgpkOx3EUXw69lMiI_S7SRyyKMeN97AHVepIxubLLmc9ijQl-Kw1LBLfpNt78PfvEbkEVWvp4Bhkiayj_SB_e_bbnPfhTTzyLupjK4Ov0W1d-kgtfYtKT5427pqTVB9Aqg==&uniplatform=NZKPT&language=CHS,1987,,同济医科大学学报,,232,,Wanfang,https://d.wanfangdata.com.cn/periodical/CiBQZXJpb2RpY2FsQ0hJU29scjkyMDI2MDkxNTE0MjIxORIPemhzeXdrMTk4NzAxMDA5GghpYjFiMnVoeg%3D%3D,1987,刘乐欣,中华实验外科杂志,4,22-24,10.3760/cma.j.issn.1001-9030.1987.01.109,脾脏在廓清血源性肺炎球菌中的重要作用,脾脏在廓清血源性肺炎球菌中的重要作用
merged (manual decision),"same title, author missing",CNKI,https://kns.cnki.net/kcms2/article/abstract?v=DgjXjbKQq8eJqHapWBzTF6TIjpQPNRXmfqkaiNJPrDKo2Z6nAybX0qR4lcdsNIeptVzOVMlIwW9QVy9ksd2PFBMJ_Xu1hdEjl6uixqaHOY6C9j_5EIPKvR-x_6g0IwUfvimHFid6QvvMMeJfm1y7MlcqhplNO1LGOAHMdgAiDm5zvd9DUOnnGA==&uniplatform=NZKPT&language=CHS,1987,陆傅贤,中华小儿外科杂志,8,4-4,,CNKI,https://kns.cnki.net/kcms2/article/abstract?v=DgjXjbKQq8eq73PxWCWzaQFe0-UEIhKQrb7q0fcX0PWf_3p9yN5gr3ucMzJsyQv9ngNN-QLDJi0U-aYdRj_ZJg0ZkxCE8eH-0G-4u1UDdn3zrl1Mz1Ul19kMeW51nHJkQhDb8sNJdcNZWAOs0DMZQMfa511i1vz8u5tCTKtWTMiWeXHGaZy8Gw==&uniplatform=NZKPT&language=CHS,1987,,中华小儿外科杂志,8,4,,儿童脾扭转一例报告,儿童脾扭转一例报告
merged (manual decision),"same title, author missing",CNKI,https://kns.cnki.net/kcms2/article/abstract?v=DgjXjbKQq8eq73PxWCWzaQFe0-UEIhKQrb7q0fcX0PWf_3p9yN5gr3ucMzJsyQv9ngNN-QLDJi0U-aYdRj_ZJg0ZkxCE8eH-0G-4u1UDdn3zrl1Mz1Ul19kMeW51nHJkQhDb8sNJdcNZWAOs0DMZQMfa511i1vz8u5tCTKtWTMiWeXHGaZy8Gw==&uniplatform=NZKPT&language=CHS,1987,,中华小儿外科杂志,8,4,,Wanfang,https://d.wanfangdata.com.cn/periodical/CiBQZXJpb2RpY2FsQ0hJU29scjkyMDI2MDkxNTE0MjIxORINeHJ3azE5ODcwMTAyORoIaWIxYjJ1aHo%3D,1987,陆傅贤,中华小儿外科杂志,8,4,10.3760/cma.j.issn.0253-3006.1987.01.029,儿童脾扭转一例报告,儿童脾扭转一例报告
"kept apart: different journal/volume/pages/year, or irrelevant (patent, animal study); reviewed 4 Oct 2026","same title, author missing",CNKI,https://kns.cnki.net/kcms2/article/abstract?v=DgjXjbKQq8dUarysUdP7QLPOYEWQuFoVTPUIfYKa32idqJh5k6wAAglIjXxD00D06fQjcVvKOnoQ-a33mSq1HQ9nQ3l-va2TqiXNCvCKPw42m8xEh95jGgGDYIIrztKmuzmTUqKmplIb_cKtF_mUx7uNr3aufbpgtXPovLmkUU1yQxSztOzyaw==&uniplatform=NZKPT&language=CHS,1984,,武汉医学院学报,,432,,CNKI,https://kns.cnki.net/kcms2/article/abstract?v=DgjXjbKQq8dY-m3JBqf84DHfglUjjw-jTLKgX14tY1XEjmCnrQD6-WpTRZ9qj1sETkLeQxji4QuuA5AqfFBN0h3ymfQvPVWDk10I5upftn0wwzDgPVXGFjC9c3DCS4Vpp5y9F4wZ2MnNYYMlVAEPyipFO-dhFT4dcsKjQ3shiOhdpVV70vlgFg==&uniplatform=NZKPT&language=CHS,1984,刘乐欣,中华器官移植杂志,5,"134-136,C2",,狗自体部分脾异位移植,狗自体部分脾异位移植
"kept apart: different journal/volume/pages/year, or irrelevant (patent, animal study); reviewed 4 Oct 2026","same title, author missing",CNKI,https://kns.cnki.net/kcms2/article/abstract?v=DgjXjbKQq8dUarysUdP7QLPOYEWQuFoVTPUIfYKa32idqJh5k6wAAglIjXxD00D06fQjcVvKOnoQ-a33mSq1HQ9nQ3l-va2TqiXNCvCKPw42m8xEh95jGgGDYIIrztKmuzmTUqKmplIb_cKtF_mUx7uNr3aufbpgtXPovLmkUU1yQxSztOzyaw==&uniplatform=NZKPT&language=CHS,1984,,武汉医学院学报,,432,,Wanfang,https://d.wanfangdata.com.cn/periodical/CiBQZXJpb2RpY2FsQ0hJU29scjkyMDI2MDkxNTE0MjIxORIRemhxZ3l6OTgxOTg0MDMwMTcaCGliMWIydWh6,1984,刘乐欣,中华器官移植杂志,5,"134-136,后插二",10.3760/cma.j.issn.0254-1785.1984.03.017,狗自体部分脾异位移植,狗自体部分脾异位移植
"kept apart: different journal/volume/pages/year, or irrelevant (patent, animal study); reviewed 4 Oct 2026","same title, author missing",CNKI,https://kns.cnki.net/kcms2/article/abstract?v=DgjXjbKQq8dUarysUdP7QLPOYEWQuFoVTPUIfYKa32idqJh5k6wAAglIjXxD00D06fQjcVvKOnoQ-a33mSq1HQ9nQ3l-va2TqiXNCvCKPw42m8xEh95jGgGDYIIrztKmuzmTUqKmplIb_cKtF_mUx7uNr3aufbpgtXPovLmkUU1yQxSztOzyaw==&uniplatform=NZKPT&language=CHS,1984,,武汉医学院学报,,432,,CBM,1985010949,1984,刘乐欣,中华器官移植杂志,,134-136,,狗自体部分脾异位移植,狗自体部分脾异位移植
merged (manual decision),"same title, author missing",CNKI,https://kns.cnki.net/kcms2/article/abstract?v=DgjXjbKQq8eAXia3l5UWEAshTloXTVGx1fKnnYMoUYNdEV34odvPqIpUNzIRp1rFvWCU889smDlFPTu062ec8jKIIN_xy4m99UBgHHBQYj8FbzBgYAD1Q2ctlD-lCR3PbqlNFxPGO7ue3A3HeVGUUjyGAFgvxbDPcUHDV759RyQi7GQriV0JQg==&uniplatform=NZKPT&language=CHS,1966,,中华妇产科杂志,12,202,,Wanfang,https://d.wanfangdata.com.cn/periodical/CiBQZXJpb2RpY2FsQ0hJU29scjkyMDI2MDkxNTE0MjIxORIOemhmY2sxOTY2MDMwMjAaCGliMWIydWh6,1966,,中华妇产科杂志,12,202,,产后脾扭转一例报告,产后脾扭转一例报告
merged (manual decision),"same title, author missing",CNKI,https://kns.cnki.net/kcms2/article/abstract?v=DgjXjbKQq8dQmIgbe6Nrbll3kbPVJe-xvm6kUmp7k9Ss_OMX0CsrhVzz8h17lidS0ryxmQkekapAu88kKkH4t0JFP4NoO2VqWtCEDTcKQ3HyZTXSfhtOhVHTQBfCHCKwWivksCw8Huwmp0Cq_DJsTFMovT1xvPKWSQydnoYrVO5kD9IxwZ49NQ==&uniplatform=NZKPT&language=CHS,1958,,中华妇产科杂志,6,506,,Wanfang,https://d.wanfangdata.com.cn/periodical/CiBQZXJpb2RpY2FsQ0hJU29scjkyMDI2MDkxNTE0MjIxORIOemhmY2sxOTU4MDUwMDEaCGliMWIydWh6,1958,樊庆北,中华妇产科杂志,6,506,,巨大脾扭转误诊为卵巢肿瘤扭转一例报告,巨大脾扭转误诊为卵巢肿瘤扭转一例报告
merged (manual decision),"same title, author missing",CNKI,https://kns.cnki.net/kcms2/article/abstract?v=DgjXjbKQq8eO8-sKl3jpydy6GRaLIZUHXj1KaeX3djWAwPH1TO0BP4QtBfZKqd2FEdJ14DGYitzpn560EBejIeumKUYbVvlC7cQGlpu0OkwmQ0qveY7MZ4--d5g8qMwhxNhjGUxBmQOr9r3g3lR64xsRaLi-iqYB6rLbGzV3-DfkY7X1ZuwIUA==&uniplatform=NZKPT&language=CHS,1965,,中华放射学杂志,10,225,,Wanfang,https://d.wanfangdata.com.cn/periodical/CiBQZXJpb2RpY2FsQ0hJU29scjkyMDI2MDkxNTE0MjIxORIOemhmc3gxOTY1MDMwNDIaCGliMWIydWh6,1965,杨布泽,中华放射学杂志,10,225,,游走脾的气腹检查(附一例报告),游走脾的气腹检查（附一例报告）
merged (manual decision),"same title, author missing",CNKI,https://kns.cnki.net/kcms2/article/abstract?v=DgjXjbKQq8f9E1EVJOn6QL6AQX0QJxz6v855MKkWTBVCO6Vis4dhERp1fxnfCIsk7iG3AljfSLN1g77xB_LHu6XgB6jMh0ustRdrJ0-MSvjhD2OsOfkXO3Heb3iuYu5-NMij01fG2ikoY6LhC1_CJ5tmyoGDdGLMU-yIp1vpAzU3zmveaTYnbQ==&uniplatform=NZKPT&language=CHS,1959,,中华外科杂志,7,336,,Wanfang,https://d.wanfangdata.com.cn/periodical/CiBQZXJpb2RpY2FsQ0hJU29scjkyMDI2MDkxNTE0MjIxORINemh3azE5NTkwMzA3NRoIaWIxYjJ1aHo%3D,1959,宋仲麟,中华外科杂志,7,336,,游走脾引起肠梗阻,游走脾引起肠梗阻
merged (manual decision),"same title, author missing",CNKI,https://kns.cnki.net/kcms2/article/abstract?v=DgjXjbKQq8fcEruWNIyTTJCpTHvv-QO5C1Zr7dVxbYiB114GLLtII0KbBm7rK-WKqxxYFWES6hosem7ing-pC2SIU1yIXiZBD4YA0Sot_xrUdoOiUOQxKSVkqeXy7qG-xLtgppogJjtQuMUpKflOniyZy0n5r7Pduw2Q0FpPXZ86wHpYv_jv7w==&uniplatform=NZKPT&language=CHS,1956,,中华外科杂志,4,44,,Wanfang,https://d.wanfangdata.com.cn/periodical/CiBQZXJpb2RpY2FsQ0hJU29scjkyMDI2MDkxNTE0MjIxORINemh3azE5NTYwMTAxNhoIaWIxYjJ1aHo%3D,1956,李伦,中华外科杂志,4,44,,游走脾嵌入盆腔内引起的肠梗阻,游走脾嵌入盆腔内引起的肠梗阻
merged (manual decision),"same title, author missing",CNKI,https://kns.cnki.net/kcms2/article/abstract?v=DgjXjbKQq8drwNqkV18FdNcWwubKfwHPKg3WwLE165jGRzKnV21ZS3npmfMCimzFpiRPtZfo8Zzqzuib056n2pU1H43JmEWbYfeSrl6b0swTjBD7Cp8roqmvfLRsGFvZ8pdNqiymdiL1Vy4muBBqd00I26RiZXm6UcnC3FsiYavThK8R_Y3nUQ==&uniplatform=NZKPT&language=CHS,1953,,中华外科杂志,1,122,,Wanfang,https://d.wanfangdata.com.cn/periodical/CiBQZXJpb2RpY2FsQ0hJU29scjkyMDI2MDkxNTE0MjIxORINemh3azE5NTMwMjAwMxoIaWIxYjJ1aHo%3D,1953,瞿祖德,中华外科杂志,1,120-122,,游动脾合并脾蒂扭转,游动脾合并脾蒂扭转
merged (manual decision),"same title, author missing",CNKI,https://kns.cnki.net/kcms2/article/abstract?v=DgjXjbKQq8ea0YijLb4AA549VGjqRaMP8a4t1gkdnw9hvdZWTSCj-h7eRPRJS7SBfwHbtDBW4rgZlZtboIBvh9eLBhxEMKZOcnxl0glpXxqKnp4Tuq1t3E7ou-2Xy1W5cimugG3NI51F6sBjx14wi5k7eYH2L5FxOQe8EF-smSoo1vz9dL4hjw==&uniplatform=NZKPT&language=CHS,1958,,中华医学杂志,44,507,,Wanfang,https://d.wanfangdata.com.cn/periodical/CiBQZXJpb2RpY2FsQ0hJU29scjkyMDI2MDkxNTE0MjIxORINemh5eDE5NTgwNTAwMxoIaWIxYjJ1aHo%3D,1958,许学受,中华医学杂志,44,506-507,,人工气腹并发脾蒂扭转一例,人工气腹并发脾蒂扭转一例
"kept apart: different journal/volume/pages/year, or irrelevant (patent, animal study); reviewed 4 Oct 2026","same title and author, year differs >1",Wanfang,https://d.wanfangdata.com.cn/patent/Ch1QYXRlbnROZXdTb2xyOVMyMDI2MDkxNzE1MTE0OBIpWkxfQ04yMDE4MTA1MTc0NDkuM19DTjEwODY2OTAwN0JfMjAyMTA5MTAaCGliMWIydWh6,,刘利,,,,,Wanfang,https://d.wanfangdata.com.cn/patent/Ch1QYXRlbnROZXdTb2xyOVMyMDI2MDkxNzE1MTE0OBIpWkxfQ04yMDE4MTA1MTc0NDkuM19DTjEwODY2OTAwN0FfMjAxODEwMTkaCGliMWIydWh6,,刘利,,,,,一种蜜蜂的养殖方法,一种蜜蜂的养殖方法
"kept apart: different journal/volume/pages/year, or irrelevant (patent, animal study); reviewed 4 Oct 2026","same title and author, year differs >1",Wanfang,https://d.wanfangdata.com.cn/patent/Ch1QYXRlbnROZXdTb2xyOVMyMDI2MDkxNzE1MTE0OBIpWkxfQ04yMDE3MTAzMjc3NDEuNF9DTjEwNzAxODkyNUJfMjAyMDExMjQaCGliMWIydWh6,,蒋敬,,,,,Wanfang,https://d.wanfangdata.com.cn/patent/Ch1QYXRlbnROZXdTb2xyOVMyMDI2MDkxNzE1MTE0OBIpWkxfQ04yMDE3MTAzMjc3NDEuNF9DTjEwNzAxODkyNUFfMjAxNzA4MDgaCGliMWIydWh6,,蒋敬,,,,,一种自动取蜜装置以及取蜜方法,一种自动取蜜装置以及取蜜方法
"kept apart: different journal/volume/pages/year, or irrelevant (patent, animal study); reviewed 4 Oct 2026","same title and author, year differs >1",Wanfang,https://d.wanfangdata.com.cn/patent/Ch1QYXRlbnROZXdTb2xyOVMyMDI2MDkxNzE1MTE0OBIpWkxfQ04yMDE2MTAzODM2NTguNF9DTjEwNTkxODE2MUJfMjAxOTA0MDUaCGliMWIydWh6,,吴长江,,,,,Wanfang,https://d.wanfangdata.com.cn/patent/Ch1QYXRlbnROZXdTb2xyOVMyMDI2MDkxNzE1MTE0OBIpWkxfQ04yMDE2MTAzODM2NTguNF9DTjEwNTkxODE2MUFfMjAxNjA5MDcaCGliMWIydWh6,,吴长江,,,,,蜂蜜脱离装置,蜂蜜脱离装置
"kept apart: different journal/volume/pages/year, or irrelevant (patent, animal study); reviewed 4 Oct 2026","same title and author, year differs >1",Wanfang,https://d.wanfangdata.com.cn/patent/Ch1QYXRlbnROZXdTb2xyOVMyMDI2MDkxNzE1MTE0OBIpWkxfQ04yMDE2MTAzODM2NTguNF9DTjEwNTkxODE2MUJfMjAxOTA0MDUaCGliMWIydWh6,,吴长江,,,,,Wanfang,https://d.wanfangdata.com.cn/patent/Ch1QYXRlbnROZXdTb2xyOVMyMDI2MDkxNzE1MTE0OBIpWkxfQ04yMDE2MjA1MTg0NTIuM19DTjIwNTgxMzIyMFVfMjAxNjEyMjEaCGliMWIydWh6,,吴长江,,,,,蜂蜜脱离装置,蜂蜜脱离装置
"kept apart: different journal/volume/pages/year, or irrelevant (patent, animal study); reviewed 4 Oct 2026","same title and author, year differs >1",Wanfang,https://d.wanfangdata.com.cn/patent/Ch1QYXRlbnROZXdTb2xyOVMyMDI2MDkxNzE1MTE0OBIpWkxfQ04yMDE2MTAzODM2NTguNF9DTjEwNTkxODE2MUFfMjAxNjA5MDcaCGliMWIydWh6,,吴长江,,,,,Wanfang,https://d.wanfangdata.com.cn/patent/Ch1QYXRlbnROZXdTb2xyOVMyMDI2MDkxNzE1MTE0OBIpWkxfQ04yMDE2MjA1MTg0NTIuM19DTjIwNTgxMzIyMFVfMjAxNjEyMjEaCGliMWIydWh6,,吴长江,,,,,蜂蜜脱离装置,蜂蜜脱离装置
"kept apart: different journal/volume/pages/year, or irrelevant (patent, animal study); reviewed 4 Oct 2026","same title and author, year differs >1",Wanfang,https://d.wanfangdata.com.cn/patent/Ch1QYXRlbnROZXdTb2xyOVMyMDI2MDkxNzE1MTE0OBIpWkxfQ04yMDE3MjA2NjI5MTMuOV9DTjIwNjk4MDY4MlVfMjAxODAyMDkaCGliMWIydWh6,,徐建怀,,,,,Wanfang,https://d.wanfangdata.com.cn/patent/Ch1QYXRlbnROZXdTb2xyOVMyMDI2MDkxNzE1MTE0OBIpWkxfQ04yMDE3MTA0Mjk1MzEuNl9DTjEwNzEyNjkwOUFfMjAxNzA5MDUaCGliMWIydWh6,,徐建怀,,,,,一种化蜡设备,一种化蜡设备
"kept apart: different journal/volume/pages/year, or irrelevant (patent, animal study); reviewed 4 Oct 2026","same title and author, year differs >1",Wanfang,https://d.wanfangdata.com.cn/patent/Ch1QYXRlbnROZXdTb2xyOVMyMDI2MDkxNzE1MTE0OBIpWkxfQ04yMDE3MjA0MDQ1OTQuMV9DTjIwNjkyMzUxNFVfMjAxODAxMjYaCGliMWIydWh6,,吴新荣,,,,,Wanfang,https://d.wanfangdata.com.cn/patent/Ch1QYXRlbnROZXdTb2xyOVMyMDI2MDkxNzE1MTE0OBIpWkxfQ04yMDE3MTAyNTIxODAuNl9DTjEwNjkyMjU3MkFfMjAxNzA3MDcaCGliMWIydWh6,,吴新荣,,,,,一种多功能蜜蜂蜂蜜分装装置,一种多功能蜜蜂蜂蜜分装装置
"kept apart: different journal/volume/pages/year, or irrelevant (patent, animal study); reviewed 4 Oct 2026","same title and author, year differs >1",Wanfang,https://d.wanfangdata.com.cn/patent/Ch1QYXRlbnROZXdTb2xyOVMyMDI2MDkxNzE1MTE0OBIpWkxfQ04yMDE2MTAzNzgyOTIuMV9DTjEwNjM4NjU3NUFfMjAxNzAyMTUaCGliMWIydWh6,,吴长江,,,,,Wanfang,https://d.wanfangdata.com.cn/patent/Ch1QYXRlbnROZXdTb2xyOVMyMDI2MDkxNzE1MTE0OBIpWkxfQ04yMDE2MjA1MTg0NTMuOF9DTjIwNTgxMzIyMVVfMjAxNjEyMjEaCGliMWIydWh6,,吴长江,,,,,蜂蜜获取装置,蜂蜜获取装置
"kept apart: different journal/volume/pages/year, or irrelevant (patent, animal study); reviewed 4 Oct 2026","same title and author, year differs >1",Wanfang,https://d.wanfangdata.com.cn/patent/Ch1QYXRlbnROZXdTb2xyOVMyMDI2MDkxNzE1MTE0OBIpWkxfQ04yMDE0MTAwMDQ4ODIuOV9DTjEwMzc0OTI4NUJfMjAxNjAzMDIaCGliMWIydWh6,,葛凤晨,,,,,Wanfang,https://d.wanfangdata.com.cn/patent/Ch1QYXRlbnROZXdTb2xyOVMyMDI2MDkxNzE1MTE0OBIpWkxfQ04yMDE0MTAwMDQ4ODIuOV9DTjEwMzc0OTI4NUFfMjAxNDA0MzAaCGliMWIydWh6,,葛凤晨,,,,,对小面积植物实施三微蜜蜂授粉的方法和设备,对小面积植物实施三微蜜蜂授粉的方法和设备
"kept apart: different journal/volume/pages/year, or irrelevant (patent, animal study); reviewed 4 Oct 2026","same title and author, year differs >1",Wanfang,https://d.wanfangdata.com.cn/patent/Ch1QYXRlbnROZXdTb2xyOVMyMDI2MDkxNzE1MTE0OBInWkxfQ04yMDA0MTAwMTA4MzYuNl9DTjEyNTk4MjNDXzIwMDYwNjIxGghpYjFiMnVoeg%3D%3D,,葛凤晨,,,,,Wanfang,https://d.wanfangdata.com.cn/patent/Ch1QYXRlbnROZXdTb2xyOVMyMDI2MDkxNzE1MTE0OBInWkxfQ04yMDA0MTAwMTA4MzYuNl9DTjE1Njg2NzJBXzIwMDUwMTI2GghpYjFiMnVoeg%3D%3D,,葛凤晨,,,,,中蜂复脾野巢式盒蜜及生产方法和设备,中蜂复脾野巢式盒蜜及生产方法和设备
"kept apart: different journal/volume/pages/year, or irrelevant (patent, animal study); reviewed 4 Oct 2026","same title and author, year differs >1",Wanfang,https://d.wanfangdata.com.cn/patent/Ch1QYXRlbnROZXdTb2xyOVMyMDI2MDkxNzE1MTE0OBIjWkxfQ045ODEyMzUzMS5YX0NOMTA3OTE5MUNfMjAwMjAyMjAaCGliMWIydWh6,,袁俊丰,,,,,Wanfang,https://d.wanfangdata.com.cn/patent/Ch1QYXRlbnROZXdTb2xyOVMyMDI2MDkxNzE1MTE0OBIjWkxfQ045ODEyMzUzMS5YX0NOMTIxNTU0OEFfMTk5OTA1MDUaCGliMWIydWh6,,袁俊丰,,,,,人工单面巢脾及其使用方法,人工单面巢脾及其使用方法
"kept apart: different journal/volume/pages/year, or irrelevant (patent, animal study); reviewed 4 Oct 2026","same title, author and year but conflicting volume/pages",Scopus,1242286142,2004,fakler,Chirurgische Praxis,62,435-441,,Scopus,8644241739,2004,fakler,Tagliche Praxis,45,761-767,,Wandering spleen,Wandering spleen
"kept apart: different journal/volume/pages/year, or irrelevant (patent, animal study); reviewed 4 Oct 2026","same title, author and year but conflicting volume/pages",WoS,WOS:000263098900014,2008,choh,INDIAN JOURNAL OF PEDIATRICS,75,1181-1182,10.1007/s12098-008-0181-8,Scopus,77953376698,2008,choh,Pakistan Paediatric Journal,32,132-134,,Wandering Spleen Presenting as Recurrent Abdominal Pain in a Young Female,Wandering spleen presenting as recurrent abdominal pain in a young female
"kept apart: different journal/volume/pages/year, or irrelevant (patent, animal study); reviewed 4 Oct 2026","same title, author and year but conflicting volume/pages",WoS,WOS:000084157400011,1999,bhadwal,INDIAN VETERINARY JOURNAL,76,1077-1078,,WoS,WOS:000084157400012,1999,bhadwal,INDIAN VETERINARY JOURNAL,76,1079-1081,,Morphological study of spleen following its torsion in dogs,Morphological study of spleen following its torsion in dogs
"kept apart: different journal/volume/pages/year, or irrelevant (patent, animal study); reviewed 4 Oct 2026","same title, author and year but conflicting volume/pages",WoS,WOS:000084157400011,1999,bhadwal,INDIAN VETERINARY JOURNAL,76,1077-1078,,Scopus,24344464972,1999,bhadwal,Indian Veterinary Journal,76,1079-1081,,Morphological study of spleen following its torsion in dogs,Morphological study of spleen following its torsion in dogs
"kept apart: different journal/volume/pages/year, or irrelevant (patent, animal study); reviewed 4 Oct 2026","same title, author and year but conflicting volume/pages",CNKI,https://link.cnki.net/doi/10.16252/j.cnki.issn1004-0501-2008.08.040,2008,邱江涛,四川医学,,1046,10.16252/j.cnki.issn1004-0501-2008.08.040,CNKI,https://kns.cnki.net/kcms2/article/abstract?v=DgjXjbKQq8cCNKCcEuhw8ou-_q3VsXITBWxb8oFjm-Cmc6fl9nnaQ_7FU5oyoezuLlIHf4LasKoQIQLpRjpKJH9GpEJZF1QVc_gwyxWIcluRzh9LE54vACg1phL-PnpwC1xz6CNLsicbhyDfGtZC1I2ypTurY9ZRg0CW5dntDHSDWWHHTAmJLw==&uniplatform=NZKPT&language=CHS,2008,邱江涛,宁夏医学杂志,,125,,游走脾并蒂扭转1例,游走脾并蒂扭转1例
"kept apart: different journal/volume/pages/year, or irrelevant (patent, animal study); reviewed 4 Oct 2026","same title, author and year but conflicting volume/pages",CNKI,https://link.cnki.net/doi/10.16252/j.cnki.issn1004-0501-2008.08.040,2008,邱江涛,四川医学,,1046,10.16252/j.cnki.issn1004-0501-2008.08.040,Wanfang,https://d.wanfangdata.com.cn/periodical/CiBQZXJpb2RpY2FsQ0hJU29scjkyMDI2MDkxNTE0MjIxORIPbnh5eHp6MjAwODAyMDU1GghpYjFiMnVoeg%3D%3D,2008,邱江涛,宁夏医学杂志,30,125,10.3969/j.issn.1001-5949.2008.02.055,游走脾并蒂扭转1例,游走脾并蒂扭转1例
"kept apart: different journal/volume/pages/year, or irrelevant (patent, animal study); reviewed 4 Oct 2026","same title, author and year but conflicting volume/pages",CNKI,https://link.cnki.net/doi/10.16252/j.cnki.issn1004-0501-2008.08.040,2008,邱江涛,四川医学,,1046,10.16252/j.cnki.issn1004-0501-2008.08.040,CBM,2008156644,2008,邱江涛,宁夏医学杂志,30,125,,游走脾并蒂扭转1例,游走脾并蒂扭转1例
"kept apart: different journal/volume/pages/year, or irrelevant (patent, animal study); reviewed 4 Oct 2026","same title, author and year but conflicting volume/pages",CNKI,https://kns.cnki.net/kcms2/article/abstract?v=DgjXjbKQq8cCNKCcEuhw8ou-_q3VsXITBWxb8oFjm-Cmc6fl9nnaQ_7FU5oyoezuLlIHf4LasKoQIQLpRjpKJH9GpEJZF1QVc_gwyxWIcluRzh9LE54vACg1phL-PnpwC1xz6CNLsicbhyDfGtZC1I2ypTurY9ZRg0CW5dntDHSDWWHHTAmJLw==&uniplatform=NZKPT&language=CHS,2008,邱江涛,宁夏医学杂志,,125,,Wanfang,https://d.wanfangdata.com.cn/periodical/CiBQZXJpb2RpY2FsQ0hJU29scjkyMDI2MDkxNTE0MjIxORINc2N5eDIwMDgwODA3OBoIaWIxYjJ1aHo%3D,2008,邱江涛,四川医学,29,1046,10.3969/j.issn.1004-0501.2008.08.078,游走脾并蒂扭转1例,游走脾并蒂扭转1例
"kept apart: different journal/volume/pages/year, or irrelevant (patent, animal study); reviewed 4 Oct 2026","same title, author and year but conflicting volume/pages",CNKI,https://kns.cnki.net/kcms2/article/abstract?v=DgjXjbKQq8cCNKCcEuhw8ou-_q3VsXITBWxb8oFjm-Cmc6fl9nnaQ_7FU5oyoezuLlIHf4LasKoQIQLpRjpKJH9GpEJZF1QVc_gwyxWIcluRzh9LE54vACg1phL-PnpwC1xz6CNLsicbhyDfGtZC1I2ypTurY9ZRg0CW5dntDHSDWWHHTAmJLw==&uniplatform=NZKPT&language=CHS,2008,邱江涛,宁夏医学杂志,,125,,CBM,2008370977,2008,邱江涛,四川医学,29,1046,,游走脾并蒂扭转1例,游走脾并蒂扭转1例
"kept apart: different journal/volume/pages/year, or irrelevant (patent, animal study); reviewed 4 Oct 2026","same title, author and year but conflicting volume/pages",Wanfang,https://d.wanfangdata.com.cn/periodical/CiBQZXJpb2RpY2FsQ0hJU29scjkyMDI2MDkxNTE0MjIxORINc2N5eDIwMDgwODA3OBoIaWIxYjJ1aHo%3D,2008,邱江涛,四川医学,29,1046,10.3969/j.issn.1004-0501.2008.08.078,Wanfang,https://d.wanfangdata.com.cn/periodical/CiBQZXJpb2RpY2FsQ0hJU29scjkyMDI2MDkxNTE0MjIxORIPbnh5eHp6MjAwODAyMDU1GghpYjFiMnVoeg%3D%3D,2008,邱江涛,宁夏医学杂志,30,125,10.3969/j.issn.1001-5949.2008.02.055,游走脾并蒂扭转1例,游走脾并蒂扭转1例
"kept apart: different journal/volume/pages/year, or irrelevant (patent, animal study); reviewed 4 Oct 2026","same title, author and year but conflicting volume/pages",Wanfang,https://d.wanfangdata.com.cn/periodical/CiBQZXJpb2RpY2FsQ0hJU29scjkyMDI2MDkxNTE0MjIxORINc2N5eDIwMDgwODA3OBoIaWIxYjJ1aHo%3D,2008,邱江涛,四川医学,29,1046,10.3969/j.issn.1004-0501.2008.08.078,CBM,2008156644,2008,邱江涛,宁夏医学杂志,30,125,,游走脾并蒂扭转1例,游走脾并蒂扭转1例
"kept apart: different journal/volume/pages/year, or irrelevant (patent, animal study); reviewed 4 Oct 2026","same title, author and year but conflicting volume/pages",Wanfang,https://d.wanfangdata.com.cn/periodical/CiBQZXJpb2RpY2FsQ0hJU29scjkyMDI2MDkxNTE0MjIxORIPbnh5eHp6MjAwODAyMDU1GghpYjFiMnVoeg%3D%3D,2008,邱江涛,宁夏医学杂志,30,125,10.3969/j.issn.1001-5949.2008.02.055,CBM,2008370977,2008,邱江涛,四川医学,29,1046,,游走脾并蒂扭转1例,游走脾并蒂扭转1例
"kept apart: different journal/volume/pages/year, or irrelevant (patent, animal study); reviewed 4 Oct 2026","same title, author and year but conflicting volume/pages",CBM,2008370977,2008,邱江涛,四川医学,29,1046,,CBM,2008156644,2008,邱江涛,宁夏医学杂志,30,125,,游走脾并蒂扭转1例,游走脾并蒂扭转1例
"kept apart: different journal/volume/pages/year, or irrelevant (patent, animal study); reviewed 4 Oct 2026","same title, author and year but conflicting volume/pages",CNKI,https://kns.cnki.net/kcms2/article/abstract?v=DgjXjbKQq8d2mb0oikc62JuE_bfkH7KZAsdvaqGEI4xifBWeKkUrMfulmn9zgNH-Q0sq3u8-bbxlJWat-JydFhmMEjsOwRb_SQ-CHj7k1mY_PW6tBmHvhz4mTqbF0aCHPyspZcTjgIrkwjyuvWvvUS1OOyCtcLjjsgDPzzYU5qfR3HRgN_uPOA==&uniplatform=NZKPT&language=CHS,2013,刘占斌,中国工作犬业,,22,,Wanfang,https://d.wanfangdata.com.cn/periodical/CiBQZXJpb2RpY2FsQ0hJU29scjkyMDI2MDkxNTE0MjIxORIXUUtDMjAxMzIwMTQwMzEzMDAwNTIyNTcaCGliMWIydWh6,2013,刘占斌,养犬,,12,,犬游走脾的诊断与治疗,犬游走脾的诊断与治疗
"kept apart: different journal/volume/pages/year, or irrelevant (patent, animal study); reviewed 4 Oct 2026","same title, author and year but conflicting volume/pages",Wanfang,https://d.wanfangdata.com.cn/periodical/CiBQZXJpb2RpY2FsQ0hJU29scjkyMDI2MDkxNTE0MjIxORILanEyMDEzMTEwMDYaCGliMWIydWh6,2013,刘占斌,中国工作犬业,,22-22,10.3969/j.issn.1673-0135.2013.11.006,Wanfang,https://d.wanfangdata.com.cn/periodical/CiBQZXJpb2RpY2FsQ0hJU29scjkyMDI2MDkxNTE0MjIxORIXUUtDMjAxMzIwMTQwMzEzMDAwNTIyNTcaCGliMWIydWh6,2013,刘占斌,养犬,,12,,犬游走脾的诊断与治疗,犬游走脾的诊断与治疗
"kept apart: different journal/volume/pages/year, or irrelevant (patent, animal study); reviewed 4 Oct 2026","same title, author and year but conflicting volume/pages",CNKI,https://kns.cnki.net/kcms2/article/abstract?v=DgjXjbKQq8edzsMmNwKf-XHM8n6WcZdy64Cr3gIa_1kK44vwxDnZnr-vAAGlNep9q7w43lMpoeo6o3U-eDhAsPbMAUeXhD316zFDnF8JMffMwcdzdpNiHgQVOqUQci218CYkAeHa_MmwziTuY2du32WqTW8DM2d3Ha7QSgP-lvxHRGVZ6DEMW4wVTqVBvAhk&uniplatform=NZKPT&language=CHS,2013,陶开山,,,1,,Wanfang,https://d.wanfangdata.com.cn/conference/CiFDb25mZXJlbmNlTmV3U29scjlTMjAyNjA5MTUwOTMyMzESBzg3NDU3OTMaCGliMWIydWh6,2013,陶开山,,,397-398,,GTKO猪-猴异种异位脾窝辅助性肝移植实验研究,GTKO猪-猴异种异位脾窝辅助性肝移植实验研究
"kept apart: different journal/volume/pages/year, or irrelevant (patent, animal study); reviewed 4 Oct 2026","same title, author and year but conflicting volume/pages",Wanfang,https://d.wanfangdata.com.cn/conference/CiFDb25mZXJlbmNlTmV3U29scjlTMjAyNjA5MTUwOTMyMzESBzg2NzMyMzgaCGliMWIydWh6,2013,陶开山,,,75-75,,Wanfang,https://d.wanfangdata.com.cn/conference/CiFDb25mZXJlbmNlTmV3U29scjlTMjAyNjA5MTUwOTMyMzESBzg3NDU3OTMaCGliMWIydWh6,2013,陶开山,,,397-398,,GTKO猪-猴异种异位脾窝辅助性肝移植实验研究,GTKO猪-猴异种异位脾窝辅助性肝移植实验研究
"kept apart: different journal/volume/pages/year, or irrelevant (patent, animal study); reviewed 4 Oct 2026","same title, author and year but conflicting volume/pages",CNKI,https://kns.cnki.net/kcms2/article/abstract?v=DgjXjbKQq8dN7r2rtyXrdHxuvSHn5adlmw2TyGaU5pGSz4khGC33oE1C-N6DXBWNtD53uNlPWY8L4qA7b7-nIxuElMBZaMjFXQeIEMPBk3dxXZpWu2ASbHEFYlc8JsMqigAd1Pc2TJrQP_pLPZwFRIuaqThndylxBUjqd21az79161kXa8IXLQ==&uniplatform=NZKPT&language=CHS,2006,韩宁,总装备部医学学报,,28+62,,CNKI,https://kns.cnki.net/kcms2/article/abstract?v=DgjXjbKQq8dIBhBQvR4-SGLs0IHSscpaP_y9zmZUECfH-40xDJ5oFQ_75aZTiZGEDSWQZBciAXIXrJQZRAvtPrw2RaLQQ8FG7z7dUbHNd31ngW2wDtQglfC-0N2SWMZ62xTq3KNlkHTQKxVWGU44LeZccQBBtLqe__CTJ2tUviatStY5rwc5FA==&uniplatform=NZKPT&language=CHS,2005,韩宁,实用医学杂志,,1797,,超声诊断原发于右髂总动脉异位脾脏1例,超声诊断原发于右髂总动脉异位脾脏1例
"kept apart: different journal/volume/pages/year, or irrelevant (patent, animal study); reviewed 4 Oct 2026","same title, author and year but conflicting volume/pages",CNKI,https://kns.cnki.net/kcms2/article/abstract?v=DgjXjbKQq8dN7r2rtyXrdHxuvSHn5adlmw2TyGaU5pGSz4khGC33oE1C-N6DXBWNtD53uNlPWY8L4qA7b7-nIxuElMBZaMjFXQeIEMPBk3dxXZpWu2ASbHEFYlc8JsMqigAd1Pc2TJrQP_pLPZwFRIuaqThndylxBUjqd21az79161kXa8IXLQ==&uniplatform=NZKPT&language=CHS,2006,韩宁,总装备部医学学报,,28+62,,CBM,2005742055,2005,韩宁,实用医学杂志,21,1797,,超声诊断原发于右髂总动脉异位脾脏1例,超声诊断原发于右髂总动脉异位脾脏1例
"kept apart: different journal/volume/pages/year, or irrelevant (patent, animal study); reviewed 4 Oct 2026","same title, author and year but conflicting volume/pages",CNKI,https://kns.cnki.net/kcms2/article/abstract?v=DgjXjbKQq8evzeR1QwarIeTpcJRq4ToPXLDUJ783JDUg4SHQ2jHa7um2x7-PlU3bhvkX7kRaINrAlk4qum4--Ja4S_T3yAVYqY51g4Kmr3_m2Q8775Ok0wTGQT0jAwXsnnGi-OYEdemKdOuq3uL0f1LG5fOpfPf-W06y78qSFBaahmpuvu90mw==&uniplatform=NZKPT&language=CHS,1999,罗芸葆,河南外科学杂志,,216-217,,CNKI,https://kns.cnki.net/kcms2/article/abstract?v=DgjXjbKQq8c9RumL5vs2g-KejvAZP-BE2vwuoiDLG1im3UTWmj3BTGY1Q4FJSoyVPavdVfZ0Qz_ze2ntekQTu9UvWUbgPGCsPBgzl1DmC1hxC05nbeYB0rVR9J9rJBchJF310WOezFr8Y3tGCBrZeaOJl3YP1pgoLGpiR5DAkEvl6CP9rSyzmg==&uniplatform=NZKPT&language=CHS,1999,罗芸葆,临床医学,,59-60,,异常脾脏压迹误诊胃底部平滑肌肿瘤10例分析,异常脾脏压迹误诊胃底部平滑肌肿瘤10例分析
"kept apart: different journal/volume/pages/year, or irrelevant (patent, animal study); reviewed 4 Oct 2026","same title, author and year but conflicting volume/pages",CNKI,https://kns.cnki.net/kcms2/article/abstract?v=DgjXjbKQq8c9RumL5vs2g-KejvAZP-BE2vwuoiDLG1im3UTWmj3BTGY1Q4FJSoyVPavdVfZ0Qz_ze2ntekQTu9UvWUbgPGCsPBgzl1DmC1hxC05nbeYB0rVR9J9rJBchJF310WOezFr8Y3tGCBrZeaOJl3YP1pgoLGpiR5DAkEvl6CP9rSyzmg==&uniplatform=NZKPT&language=CHS,1999,罗芸葆,临床医学,,59-60,,CBM,2000104206,1999,罗芸葆,河南外科学杂志,5,216-217,,异常脾脏压迹误诊胃底部平滑肌肿瘤10例分析,异常脾脏压迹误诊胃底部平滑肌肿瘤10例分析
"kept apart: different journal/volume/pages/year, or irrelevant (patent, animal study); reviewed 4 Oct 2026","same title, author and year but conflicting volume/pages",CNKI,https://link.cnki.net/doi/10.14172/j.cnki.issn1671-4008.1999.02.045,1999,王煊,前卫医药杂志,,49,10.14172/j.cnki.issn1671-4008.1999.02.045,Wanfang,https://d.wanfangdata.com.cn/periodical/CiBQZXJpb2RpY2FsQ0hJU29scjkyMDI2MDkxNTE0MjIxORIOUUsyMDAwMDE1MTI3MjUaCGliMWIydWh6,2000,王煊,适宜诊疗技术,18,54,,脾蒂扭转误诊为急性胃肠炎1例,脾蒂扭转误诊为急性胃肠炎1例
"kept apart: different journal/volume/pages/year, or irrelevant (patent, animal study); reviewed 4 Oct 2026","same title, author and year but conflicting volume/pages",Wanfang,https://d.wanfangdata.com.cn/periodical/CiBQZXJpb2RpY2FsQ0hJU29scjkyMDI2MDkxNTE0MjIxORIOUUsxOTk5MDA1MjI3MjkaCGliMWIydWh6,1999,王煊,前卫医药杂志,,49,,Wanfang,https://d.wanfangdata.com.cn/periodical/CiBQZXJpb2RpY2FsQ0hJU29scjkyMDI2MDkxNTE0MjIxORIOUUsyMDAwMDE1MTI3MjUaCGliMWIydWh6,2000,王煊,适宜诊疗技术,18,54,,脾蒂扭转误诊为急性胃肠炎1例,脾蒂扭转误诊为急性胃肠炎1例
"kept apart: different journal/volume/pages/year, or irrelevant (patent, animal study); reviewed 4 Oct 2026","same title, author and year but conflicting volume/pages",Wanfang,https://d.wanfangdata.com.cn/periodical/CiBQZXJpb2RpY2FsQ0hJU29scjkyMDI2MDkxNTE0MjIxORIOUUsyMDAwMDE1MTI3MjUaCGliMWIydWh6,2000,王煊,适宜诊疗技术,18,54,,CBM,1999111212,1999,王煊,前卫医药杂志,16,111,,脾蒂扭转误诊为急性胃肠炎1例,脾蒂扭转误诊为急性胃肠炎1例
"kept apart: different journal/volume/pages/year, or irrelevant (patent, animal study); reviewed 4 Oct 2026","same title, author and year but conflicting volume/pages",CNKI,https://kns.cnki.net/kcms2/article/abstract?v=DgjXjbKQq8ev6s0AgugCNkrb7MDW-F-MTEQkQgrvyUvZXIt93Y3E9KDTNq0hDlkj5Da_KPUICgGl1dfFQJ_4sh5oVEfjcnkZ4pacNoQXub52x1k7iZF2JwfKjHJLmyaOmJB7NeRWAHLyPj3O1QUadxz-6Mm1asn98W8EJhkXg2rxFuG9_cvEWw==&uniplatform=NZKPT&language=CHS,1981,何泽生,中华外科杂志,,402,,CNKI,https://kns.cnki.net/kcms2/article/abstract?v=DgjXjbKQq8cMnC3Fj0Iuy1MPYXbHCZu87hPIMoGBu-IcpXqZc_GLr_rZbyU0d_LAEe0FpWQl33oKPrhumqquNPSlfsBLQPWaxHX3jFacXonkolA9oyOYO2Pc1nt10dh2rzknVDJZhyPWDjblzwi9JFLj2FvwHi4c0Jp5y2Egjsj5sRzPIeU4ig==&uniplatform=NZKPT&language=CHS,1980,何泽生,第四军医大学学报,,242,,脾扭转误诊一例,脾扭转误诊一例
"kept apart: different journal/volume/pages/year, or irrelevant (patent, animal study); reviewed 4 Oct 2026","same title, author and year but conflicting volume/pages",CNKI,https://kns.cnki.net/kcms2/article/abstract?v=DgjXjbKQq8cMnC3Fj0Iuy1MPYXbHCZu87hPIMoGBu-IcpXqZc_GLr_rZbyU0d_LAEe0FpWQl33oKPrhumqquNPSlfsBLQPWaxHX3jFacXonkolA9oyOYO2Pc1nt10dh2rzknVDJZhyPWDjblzwi9JFLj2FvwHi4c0Jp5y2Egjsj5sRzPIeU4ig==&uniplatform=NZKPT&language=CHS,1980,何泽生,第四军医大学学报,,242,,Wanfang,https://d.wanfangdata.com.cn/periodical/CiBQZXJpb2RpY2FsQ0hJU29scjkyMDI2MDkxNTE0MjIxORINemh3azE5ODEwNzAxMRoIaWIxYjJ1aHo%3D,1981,何泽生,中华外科杂志,19,402,,脾扭转误诊一例,脾扭转误诊一例
