final_id,year,title
WS0073,2025,Pheochromocytoma in a patient with heterotaxy syndrome: a case report.
WS0090,2024,Computed tomography features and surgical treatment of wandering spleen torsion: A case report.
WS0222,2021,An infarcted wandering spleen leading to a sigmoid volvulus presenting with acute large bowel obstruction: a case report.
WS0250,2020,Accessory spleen originating from the intrinsic muscularis of the stomach misdiagnosed as gastrointestinal stromal tumor: a case report.
WS0303,2019,A rare case of accessory spleen torsion in a child diagnosed by ultrasound (US) and contrast-enhanced ultrasound (CEUS).
WS0388,2015,"Wandering spleen, gastric and pancreatic volvulus and right-sided descending and sigmoid colon."
WS0519,2011,[A case of wandering spleen: a rare cause of acute abdomen].
WS0520,2012,Laparoscopic splenectomy of a wandering spleen with coincidental enormous splenomegaly.
WS0594,2008,Unusual association of omphalocele and wandering spleen.
WS0607,2007,Wandering spleen with torsion.
WS0636,2006,Postcesarean splenic torsion.
WS0716,2003,[Case report: Acute abdomen and pelvic mass due to torsion of a wandering spleen].
WS0735,2002,[Partial resection of the spleen in the treatment of benign and traumatic lesions].
WS0768,2001,"Laparoscopic splenopexy by peritoneal and omental pouch construction for intermittent splenic torsion (""wandering spleen"")."
WS0777,2000,Wandering spleen presenting as an asymptomatic mass.
WS0782,2000,Chronic primary splenic torsion with peritoneal adhesions in a dog: case report and literature review.
WS0853,1996,Wandering spleen: a rare emergency condition.
WS0877,1994,Wandering spleen with torsion: appearance on CT and ultrasound.
WS0902,1993,Torsion of a wandering spleen.
WS0938,1990,Elective splenopexy for wandering spleen.
WS1015,1984,Radiologic diagnosis of wandering spleen complicated by splenic volvulus and infarction.
WS1020,1983,Wandering spleen.
WS1042,1981,One case of recurrent torsion of a visceroptotic spleen
WS1070,1978,Wandering spleen with torsion of pedicle in a child presenting as an intermittently-appearing abdominal mass.
WS1095,1975,Torsion of the wandering spleen.
WS1125,1970,Ectopic spleen mimicking an intrinsic fundal lesion of the stomach
WS1142,1967,[Torsion of a floating spleen in a 13-year-old girl].
WS1151,1966,[Therapeutic possibilities of intra-pulmonary splenopexy in certain cases of portal hypertension].
WS1191,1957,[Differential diagnosis of genital tumors & floating spleens].
WS1241,1946,[Leukemic spleen with twisted pedicle that simulated gynecological disease; splenectomy required].
WS1343,2015,Acute abdomen secondary to ectopic spleen torsion
WS1367,2026,"Wandering Spleen: A Narrative Review of Clinical Spectrum, Pathogenesis, Emerging Diagnostics, and Management Approaches"
WS1473,1999,Morphological study of spleen following its torsion in dogs
WS1512,2026,A RARE CASE OF SPLENUNCULUS BURIED WITHIN THE STOMACH
WS1513,2017,Splenic torsion presenting as splenic vein thrombosis
WS1585,2024,Unusual gastric distention in a 1-year-old infant
WS1610,2023,Various congenital anomalies and anatomical variations of the spleen: a multimodality pictorial review
WS1612,2026,盆腔脾种植1例
WS1629,2015,REOPERATIONS IN HIGH RISK GROUP CHILDREN WITH CONGENITAL DIAPHRAGMATIC HERNIA
WS1724,1988,Differences between the histology of normal spleen and that of regenerated ectopically implanted splenic tissue
WS1751,1991,Silo-assisted closure of a late-presenting diaphragmatic hernia
WS1763,1987,Abdominal crisis with 'absent' spleen
WS1950,2016,犬原发性脾扭转的诊断和治疗
WS2143,2000,付脾蒂扭转1例
WS2226,1991,脾游走至盆腔伴扭转1例
WS2422,,保脾疗法治疗创伤性脾破裂的临床研究
WS2441,2023,肝内异位脾脏1例
WS2446,2019,经皮椎体成形术后心脏水泥栓塞1例并文献分析
WS2496,2009,兔肝细胞的脾脏移植和定位初步研究
WS2515,2005,肝细胞移植治疗放射性肝损伤的实验研究
