created_at_utc,reviewer,rayyan_article_id,key,value
2026-10-05T12:57:32.755Z,R1_JunShu,716293552,included,-1
2026-10-05T12:58:02.997Z,R1_JunShu,716293553,included,-1
2026-10-05T12:59:11.246Z,R1_JunShu,716293554,included,0
2026-10-05T12:59:27.835Z,R1_JunShu,716293555,included,-1
2026-10-05T13:12:47.859Z,R1_JunShu,716293556,included,-1
2026-10-05T13:18:17.697Z,R1_JunShu,716293555,"""__EXR__adults only""",1
2026-10-05T13:18:17.713Z,R1_JunShu,716293555,included,-1
2026-10-05T13:19:31.440Z,R1_JunShu,716293556,"""__EXR__E3 adults only""",1
2026-10-05T13:19:31.448Z,R1_JunShu,716293556,included,-1
2026-10-05T13:20:01.881Z,R1_JunShu,716293552,"""__EXR__E3 adults only""",1
2026-10-05T13:20:01.890Z,R1_JunShu,716293552,included,-1
2026-10-05T13:20:30.868Z,R1_JunShu,716293553,"""__EXR__E3 adults only""",1
2026-10-05T13:20:30.879Z,R1_JunShu,716293553,included,-1
2026-10-05T13:21:06.711Z,R1_JunShu,716293555,"""__EXR__E3 adults only""",1
2026-10-05T13:21:06.720Z,R1_JunShu,716293555,included,-1
2026-10-05T13:21:06.729Z,R1_JunShu,716293555,"""__EXR__adults only""",deleted
2026-10-05T13:22:07.478Z,R1_JunShu,716293556,"""__EXR__E2 not wandering spleen""",1
2026-10-05T13:22:07.492Z,R1_JunShu,716293556,included,-1
2026-10-05T13:22:26.712Z,R1_JunShu,716293556,"""__EXR__E3 adults only""",deleted
2026-10-05T13:23:53.511Z,R1_JunShu,716293557,included,0
2026-10-05T13:25:03.702Z,R1_JunShu,716293558,included,1
2026-10-05T13:26:05.567Z,R1_JunShu,716293559,included,0
2026-10-05T13:26:47.013Z,R1_JunShu,716293560,included,1
2026-10-05T13:26:51.851Z,R1_JunShu,716293561,included,0
2026-10-05T13:27:05.986Z,R1_JunShu,716293562,included,-1
2026-10-05T13:27:26.766Z,R1_JunShu,716293562,"""__EXR__E3 adults only""",1
2026-10-05T13:27:26.774Z,R1_JunShu,716293562,included,-1
2026-10-05T13:27:53.631Z,R1_JunShu,716293563,included,0
2026-10-05T13:28:59.481Z,R1_JunShu,716293564,included,0
2026-10-05T13:29:36.511Z,R1_JunShu,716293565,"""__EXR__E3 adults only""",1
2026-10-05T13:29:36.521Z,R1_JunShu,716293565,included,-1
2026-10-05T13:29:50.568Z,R1_JunShu,716293566,included,0
2026-10-05T13:30:44.732Z,R1_JunShu,716293567,"""__EXR__E1 non-human""",1
2026-10-05T13:30:44.739Z,R1_JunShu,716293567,included,-1
2026-10-05T13:33:55.216Z,R1_JunShu,716293568,included,0
2026-10-05T13:34:12.910Z,R1_JunShu,716293569,included,0
2026-10-05T13:34:17.015Z,R1_JunShu,716293570,included,0
2026-10-05T13:35:09.928Z,R1_JunShu,716293571,included,1
2026-10-05T13:35:38.501Z,R1_JunShu,716293586,included,1
2026-10-05T13:35:52.966Z,R1_JunShu,716293587,"""__EXR__E1 non-human""",1
2026-10-05T13:35:52.979Z,R1_JunShu,716293587,included,-1
2026-10-05T13:36:14.973Z,R1_JunShu,716293588,"""__EXR__E3 adults only""",1
2026-10-05T13:36:14.982Z,R1_JunShu,716293588,included,-1
2026-10-05T13:36:30.616Z,R1_JunShu,716293589,included,1
2026-10-05T13:36:40.585Z,R1_JunShu,716293590,"""__EXR__E3 adults only""",1
2026-10-05T13:36:40.610Z,R1_JunShu,716293590,included,-1
2026-10-05T13:38:05.934Z,R1_JunShu,716293591,"""__EXR__E2 not wandering spleen""",1
2026-10-05T13:38:05.941Z,R1_JunShu,716293591,included,-1
2026-10-05T13:38:41.715Z,R1_JunShu,716293592,"""__EXR__E2 not wandering spleen""",1
2026-10-05T13:38:41.730Z,R1_JunShu,716293592,included,-1
2026-10-05T13:39:17.711Z,R1_JunShu,716293593,"""__EXR__E4 no original patient data""",1
2026-10-05T13:39:17.721Z,R1_JunShu,716293593,included,-1
2026-10-05T13:39:36.907Z,R1_JunShu,716293594,"""__EXR__E2 not wandering spleen""",1
2026-10-05T13:39:36.916Z,R1_JunShu,716293594,included,-1
2026-10-05T13:39:44.075Z,R1_JunShu,716293595,included,0
2026-10-05T13:39:58.457Z,R1_JunShu,716293596,"""__EXR__E3 adults only""",1
2026-10-05T13:39:58.492Z,R1_JunShu,716293596,included,-1
2026-10-05T13:40:21.516Z,R1_JunShu,716293597,"""__EXR__E2 not wandering spleen""",1
2026-10-05T13:40:21.552Z,R1_JunShu,716293597,included,-1
2026-10-05T13:40:40.073Z,R1_JunShu,716293598,"""__EXR__E3 adults only""",1
2026-10-05T13:40:40.109Z,R1_JunShu,716293598,included,-1
2026-10-05T13:40:56.087Z,R1_JunShu,716293599,"""__EXR__E2 not wandering spleen""",1
2026-10-05T13:40:56.099Z,R1_JunShu,716293599,included,-1
2026-10-05T13:41:08.706Z,R1_JunShu,716293600,"""__EXR__E4 no original patient data""",1
2026-10-05T13:41:08.722Z,R1_JunShu,716293600,included,-1
2026-10-05T13:41:28.859Z,R1_JunShu,716293601,"""__EXR__E2 not wandering spleen""",1
2026-10-05T13:41:28.878Z,R1_JunShu,716293601,included,-1
2026-10-05T13:42:44.556Z,R1_JunShu,716293572,included,0
2026-10-05T13:42:48.156Z,R1_JunShu,716293573,included,0
2026-10-05T13:43:00.599Z,R1_JunShu,716293574,included,0
2026-10-05T13:43:14.306Z,R1_JunShu,716293575,included,0
2026-10-05T13:43:23.866Z,R1_JunShu,716293576,included,0
2026-10-05T13:43:33.532Z,R1_JunShu,716293577,"""__EXR__E3 adults only""",1
2026-10-05T13:43:33.542Z,R1_JunShu,716293577,included,-1
2026-10-05T13:43:43.805Z,R1_JunShu,716293578,included,1
2026-10-05T13:43:51.298Z,R1_JunShu,716293579,included,0
2026-10-05T13:43:59.757Z,R1_JunShu,716293580,included,0
2026-10-05T13:44:18.024Z,R1_JunShu,716293581,included,0
2026-10-05T13:44:21.444Z,R1_JunShu,716293582,included,0
2026-10-05T13:44:49.451Z,R1_JunShu,716293583,included,0
2026-10-05T13:45:00.756Z,R1_JunShu,716293584,"""__EXR__E1 non-human""",1
2026-10-05T13:45:00.763Z,R1_JunShu,716293584,included,-1
2026-10-05T13:45:28.483Z,R1_JunShu,716293585,included,1
2026-10-05T13:45:56.083Z,R1_JunShu,716293586,included,deleted
2026-10-05T13:49:21.152Z,R2_FeiPeng,716293552,"""__EXR__E3 adults only""",1
2026-10-05T13:49:21.211Z,R2_FeiPeng,716293552,included,-1
2026-10-05T13:49:45.029Z,R2_FeiPeng,716293553,"""__EXR__E3 adults only""",1
2026-10-05T13:49:45.097Z,R2_FeiPeng,716293553,included,-1
2026-10-05T13:49:58.713Z,R2_FeiPeng,716293554,included,0
2026-10-05T13:50:10.322Z,R2_FeiPeng,716293555,"""__EXR__E3 adults only""",1
2026-10-05T13:50:10.395Z,R2_FeiPeng,716293555,included,-1
2026-10-05T13:50:30.348Z,R2_FeiPeng,716293556,"""__EXR__E2 not wandering spleen""",1
2026-10-05T13:50:30.397Z,R2_FeiPeng,716293556,included,-1
2026-10-05T13:50:46.411Z,R2_FeiPeng,716293557,included,0
2026-10-05T13:50:56.818Z,R2_FeiPeng,716293558,included,1
2026-10-05T13:51:18.391Z,R2_FeiPeng,716293559,included,0
2026-10-05T13:51:33.210Z,R2_FeiPeng,716293560,included,1
2026-10-05T13:51:36.679Z,R2_FeiPeng,716293561,included,0
2026-10-05T13:51:46.027Z,R2_FeiPeng,716293562,"""__EXR__E3 adults only""",1
2026-10-05T13:51:46.078Z,R2_FeiPeng,716293562,included,-1
2026-10-05T13:51:59.569Z,R2_FeiPeng,716293563,included,0
2026-10-05T13:52:21.914Z,R2_FeiPeng,716293564,included,0
2026-10-05T13:52:40.149Z,R2_FeiPeng,716293565,"""__EXR__E3 adults only""",1
2026-10-05T13:52:40.156Z,R2_FeiPeng,716293565,included,-1
2026-10-05T13:52:42.544Z,R2_FeiPeng,716293566,included,0
2026-10-05T13:53:01.737Z,R2_FeiPeng,716293567,"""__EXR__E1 non-human""",1
2026-10-05T13:53:01.814Z,R2_FeiPeng,716293567,included,-1
2026-10-05T13:53:05.979Z,R2_FeiPeng,716293568,included,0
2026-10-05T13:53:20.524Z,R2_FeiPeng,716293569,included,0
2026-10-05T13:53:21.757Z,R2_FeiPeng,716293570,included,0
2026-10-05T13:53:32.156Z,R2_FeiPeng,716293571,included,1
2026-10-05T13:53:50.016Z,R2_FeiPeng,716293572,included,0
2026-10-05T13:53:53.006Z,R2_FeiPeng,716293573,included,0
2026-10-05T13:54:08.760Z,R2_FeiPeng,716293574,included,0
2026-10-05T13:54:20.513Z,R2_FeiPeng,716293575,included,0
2026-10-05T13:54:31.425Z,R2_FeiPeng,716293576,included,0
2026-10-05T13:54:39.950Z,R2_FeiPeng,716293577,"""__EXR__E3 adults only""",1
2026-10-05T13:54:39.980Z,R2_FeiPeng,716293577,included,-1
2026-10-05T13:54:46.297Z,R2_FeiPeng,716293578,included,0
2026-10-05T13:54:57.759Z,R2_FeiPeng,716293579,included,-1
2026-10-05T13:55:12.035Z,R2_FeiPeng,716293580,included,-1
2026-10-05T13:55:26.866Z,R2_FeiPeng,716293581,included,-1
2026-10-05T13:55:28.819Z,R2_FeiPeng,716293582,included,0
2026-10-05T13:55:36.074Z,R2_FeiPeng,716293583,included,0
2026-10-05T13:55:41.947Z,R2_FeiPeng,716293584,"""__EXR__E1 non-human""",1
2026-10-05T13:55:41.956Z,R2_FeiPeng,716293584,included,-1
2026-10-05T13:55:56.957Z,R2_FeiPeng,716293585,included,1
2026-10-05T13:56:00.023Z,R2_FeiPeng,716293586,included,1
2026-10-05T13:56:09.044Z,R2_FeiPeng,716293587,"""__EXR__E1 non-human""",1
2026-10-05T13:56:09.110Z,R2_FeiPeng,716293587,included,-1
2026-10-05T13:56:18.183Z,R2_FeiPeng,716293588,"""__EXR__E3 adults only""",1
2026-10-05T13:56:18.192Z,R2_FeiPeng,716293588,included,-1
2026-10-05T13:56:27.496Z,R2_FeiPeng,716293589,included,1
2026-10-05T13:56:39.280Z,R2_FeiPeng,716293590,"""__EXR__E3 adults only""",1
2026-10-05T13:56:39.288Z,R2_FeiPeng,716293590,included,-1
2026-10-05T13:56:48.310Z,R2_FeiPeng,716293591,"""__EXR__E2 not wandering spleen""",1
2026-10-05T13:56:48.414Z,R2_FeiPeng,716293591,included,-1
2026-10-05T13:57:10.468Z,R2_FeiPeng,716293592,"""__EXR__E2 not wandering spleen""",1
2026-10-05T13:57:10.478Z,R2_FeiPeng,716293592,included,-1
2026-10-05T13:57:39.235Z,R2_FeiPeng,716293593,"""__EXR__E4 no original patient data""",1
2026-10-05T13:57:39.252Z,R2_FeiPeng,716293593,included,-1
2026-10-05T13:57:50.998Z,R2_FeiPeng,716293594,"""__EXR__E2 not wandering spleen""",1
2026-10-05T13:57:51.010Z,R2_FeiPeng,716293594,included,-1
2026-10-05T13:57:57.432Z,R2_FeiPeng,716293595,included,-1
2026-10-05T13:58:05.866Z,R2_FeiPeng,716293596,"""__EXR__E3 adults only""",1
2026-10-05T13:58:05.873Z,R2_FeiPeng,716293596,included,-1
2026-10-05T13:58:12.677Z,R2_FeiPeng,716293597,"""__EXR__E2 not wandering spleen""",1
2026-10-05T13:58:12.685Z,R2_FeiPeng,716293597,included,-1
2026-10-05T13:58:23.121Z,R2_FeiPeng,716293598,"""__EXR__E3 adults only""",1
2026-10-05T13:58:23.129Z,R2_FeiPeng,716293598,included,-1
2026-10-05T13:58:35.125Z,R2_FeiPeng,716293599,"""__EXR__E2 not wandering spleen""",1
2026-10-05T13:58:35.134Z,R2_FeiPeng,716293599,included,-1
2026-10-05T13:58:47.593Z,R2_FeiPeng,716293600,"""__EXR__E4 no original patient data""",1
2026-10-05T13:58:47.600Z,R2_FeiPeng,716293600,included,-1
2026-10-05T13:59:08.062Z,R2_FeiPeng,716293601,"""__EXR__E2 not wandering spleen""",1
2026-10-05T13:59:08.072Z,R2_FeiPeng,716293601,included,-1
2026-10-05T14:04:10.547Z,R1_JunShu,716293586,included,1
