final_id,year,title,R1_JunShu_decision,R1_reason,R2_FeiPeng_decision,R2_reason,note
WS0073,2025,Pheochromocytoma in a patient with heterotaxy syndrome: a case report.,,,,,
WS0090,2024,Computed tomography features and surgical treatment of wandering spleen torsion: A case report.,,,,,
WS0222,2021,An infarcted wandering spleen leading to a sigmoid volvulus presenting with acute large bowel obstruction: a case report.,,,,,
WS0250,2020,Accessory spleen originating from the intrinsic muscularis of the stomach misdiagnosed as gastrointestinal stromal tumor: a case report.,,,,,
WS0303,2019,A rare case of accessory spleen torsion in a child diagnosed by ultrasound (US) and contrast-enhanced ultrasound (CEUS).,,,,,
WS0388,2015,"Wandering spleen, gastric and pancreatic volvulus and right-sided descending and sigmoid colon.",,,,,
WS0519,2011,[A case of wandering spleen: a rare cause of acute abdomen].,,,,,
WS0520,2012,Laparoscopic splenectomy of a wandering spleen with coincidental enormous splenomegaly.,,,,,
WS0594,2008,Unusual association of omphalocele and wandering spleen.,,,,,
WS0607,2007,Wandering spleen with torsion.,,,,,
WS0636,2006,Postcesarean splenic torsion.,,,,,
WS0716,2003,[Case report: Acute abdomen and pelvic mass due to torsion of a wandering spleen].,,,,,
WS0735,2002,[Partial resection of the spleen in the treatment of benign and traumatic lesions].,,,,,
WS0768,2001,"Laparoscopic splenopexy by peritoneal and omental pouch construction for intermittent splenic torsion (""wandering spleen"").",,,,,
WS0777,2000,Wandering spleen presenting as an asymptomatic mass.,,,,,
WS0782,2000,Chronic primary splenic torsion with peritoneal adhesions in a dog: case report and literature review.,,,,,
WS0853,1996,Wandering spleen: a rare emergency condition.,,,,,
WS0877,1994,Wandering spleen with torsion: appearance on CT and ultrasound.,,,,,
WS0902,1993,Torsion of a wandering spleen.,,,,,
WS0938,1990,Elective splenopexy for wandering spleen.,,,,,
WS1015,1984,Radiologic diagnosis of wandering spleen complicated by splenic volvulus and infarction.,,,,,
WS1020,1983,Wandering spleen.,,,,,
WS1042,1981,One case of recurrent torsion of a visceroptotic spleen,,,,,
WS1070,1978,Wandering spleen with torsion of pedicle in a child presenting as an intermittently-appearing abdominal mass.,,,,,
WS1095,1975,Torsion of the wandering spleen.,,,,,
WS1125,1970,Ectopic spleen mimicking an intrinsic fundal lesion of the stomach,,,,,
WS1142,1967,[Torsion of a floating spleen in a 13-year-old girl].,,,,,
WS1151,1966,[Therapeutic possibilities of intra-pulmonary splenopexy in certain cases of portal hypertension].,,,,,
WS1191,1957,[Differential diagnosis of genital tumors & floating spleens].,,,,,
WS1241,1946,[Leukemic spleen with twisted pedicle that simulated gynecological disease; splenectomy required].,,,,,
WS1343,1998,The laparoscopic extirpation of a wandering spleen,,,,,
WS1367,2025,Beyond the usual: three unique cases of wandering spleen in Indonesia,,,,,
WS1473,1999,Expression of human blood clotting factor VIII in the mammary gland of transgenic sheep,,,,,
WS1512,2017,Splenic torsion presenting as splenic vein thrombosis,,,,,
WS1513,2023,小儿脾韧带缺如并原位脾扭转1例并文献复习,,,,,
WS1585,2017,Splenectomy,,,,,
WS1610,2016,A patient with abdominal mass and thrombocytopenia (ectopic spleen): A case report,,,,,
WS1612,2018,A wandering spleen detected by 99mTc-denatured RBC scan,,,,,
WS1629,2009,Acute torsion of wandering spleen: Report of one case,,,,,
WS1724,1989,Implications for percutaneous left renal invasive procedures,,,,,
WS1751,1965,Some Diagnostic Applications of Combined Radioisotope Scanning of Adjacent Organs,,,,,
WS1763,1987,Sonography of the Spleen: A Review,,,,,
WS1950,2016,胰腺内异位脾脏伴表皮样囊肿1例,,,,,
WS2143,2000,放射学诊断拾零,,,,,
WS2226,1991,游走脾合并脾囊肿一例,,,,,
WS2422,,中蜂复脾野巢式盒蜜及生产方法和设备,,,,,
WS2441,2017,腹腔镜治疗胃底体异位脾脏1例报告,,,,,
WS2446,2014,心脏永久起搏器植入464例并发症分析,,,,,
WS2496,2008,脾脏的基础研究进展与展望,,,,,
WS2515,2002,脾移植术后早期管理体会:附5例报告,,,,,
